Country or Area,Life expectancy,Year,Literacy percent,Child overweight percent,Child underweight percent
Afghanistan,41.0,1985,,,
Afghanistan,41.0,1990,,,
Afghanistan,42.0,1990,,,
Albania,72.0,1985,,,
Albania,72.0,1990,,,
Algeria,66.0,1985,,,
Algeria,66.0,1990,,,
Algeria,68.0,1990,,,
Angola,40.0,1985,,,
Angola,40.0,1990,,,
Angola,40.5,1990,,,
Argentina,71.5,1985,,,
Argentina,71.5,1990,,,
Argentina,72.5,1990,,,
Armenia,68.5,1985,,,
Armenia,68.5,1990,,,
Aruba,74.5,1985,,,
Aruba,74.5,1990,,,
Aruba,74.0,1990,,,
Australia,76.0,1985,,,
Australia,76.0,1990,,,
Australia,78.0,1990,,,
Austria,75.0,1985,,,
Austria,75.0,1990,,,
Austria,76.0,1990,,,
Azerbaijan,66.0,1985,,,
Azerbaijan,66.0,1990,,,
Azerbaijan,65.5,1990,,,
Bahamas,69.5,1985,,,
Bahamas,69.5,1990,,,
Bahrain,71.0,1985,,,
Bahrain,71.0,1990,,,
Bahrain,73.0,1990,,,
Bangladesh,53.0,1985,,,
Bangladesh,53.0,1990,,0.6,61.5
Bangladesh,56.0,1990,,0.6,61.5
Barbados,74.5,1985,,,
Barbados,74.5,1990,,,
Belarus,71.5,1985,,,
Belarus,71.5,1990,,,
Belarus,69.5,1990,,,
Belgium,75.5,1985,,,
Belgium,75.5,1990,,,
Belgium,76.5,1990,,,
Belize,72.0,1985,,,
Belize,72.0,1990,,,
Belize,73.0,1990,,,
Benin,52.5,1985,,,
Benin,52.5,1990,,,
Benin,54.0,1990,,,
Bhutan,50.5,1985,,,
Bhutan,50.5,1990,,,
Bhutan,54.5,1990,,,
Bolivia,57.5,1985,,,
Bolivia,57.5,1990,,,
Bolivia,60.0,1990,,,
Bosnia and Herzegovina,72.0,1985,,,
Bosnia and Herzegovina,72.0,1990,,,
Bosnia and Herzegovina,72.5,1990,,,
Botswana,63.5,1985,,,
Botswana,63.5,1990,,,
Botswana,62.5,1990,,,
Brazil,65.5,1985,,,
Brazil,65.5,1990,,,
Brazil,67.5,1990,,,
Brunei,73.5,1985,,,
Brunei,73.5,1990,,,
Brunei,74.5,1990,,,
Bulgaria,71.5,1985,,,
Bulgaria,71.5,1990,,,
Burkina Faso,49.5,1985,,,
Burkina Faso,49.5,1990,,,
Burkina Faso,50.5,1990,,,
Burundi,48.0,1985,,,
Burundi,48.0,1990,37.4,,
Burundi,45.0,1990,37.4,,
Cambodia,54.0,1985,,,
Cambodia,54.0,1990,,,
Cambodia,55.5,1990,,,
Cameroon,55.0,1985,,,
Cameroon,55.0,1990,,,
Cameroon,54.5,1990,,,
Canada,77.0,1985,,,
Canada,77.0,1990,,,
Canada,78.0,1990,,,
Cape Verde,64.5,1985,,,
Cape Verde,64.5,1990,,,
Cape Verde,66.5,1990,,,
Central African Republic,50.5,1985,,,
Central African Republic,50.5,1990,,,
Central African Republic,49.5,1990,,,
Chad,51.0,1985,,,
Chad,51.0,1990,,,
Chad,51.5,1990,,,
Channel Islands,75.5,1985,,,
Channel Islands,75.5,1990,,,
Channel Islands,76.5,1990,,,
Chile,73.0,1985,,,
Chile,73.0,1990,,,
Chile,74.0,1990,,,
China,67.5,1985,,,
China,67.5,1990,77.8,5.333333333333333,12.6
China,68.5,1990,77.8,5.333333333333333,12.6
Colombia,68.0,1985,,,
Colombia,68.0,1990,,,
Colombia,69.0,1990,,,
Comoros,55.0,1985,,,
Comoros,55.0,1990,,,
Comoros,58.0,1990,,,
Congo,57.5,1985,,,
Congo,57.5,1990,,,
Congo,56.5,1990,,,
Congo Dem. Rep.,47.5,1985,,,
Congo Dem. Rep.,47.5,1990,,,
Congo Dem. Rep.,46.0,1990,,,
Costa Rica,75.5,1985,,,
Costa Rica,75.5,1990,,,2.5
Costa Rica,76.5,1990,,,2.5
Croatia,71.5,1985,,,
Croatia,71.5,1990,,,
Croatia,72.5,1990,,,
Cuba,75.0,1985,,,
Cuba,75.0,1990,,,
Cyprus,76.0,1985,,,
Cyprus,76.0,1990,,,
Cyprus,77.0,1990,,,
Czech Republic,71.5,1985,,,
Czech Republic,71.5,1990,,,
Czech Republic,72.5,1990,,,
Côte d’Ivoire,55.0,1985,,,
Côte d’Ivoire,55.0,1990,,,
Côte d’Ivoire,52.5,1990,,,
Denmark,75.0,1985,,,
Denmark,75.0,1990,,,
Denmark,75.5,1990,,,
Djibouti,50.5,1985,,,
Djibouti,50.5,1990,,,
Djibouti,51.5,1990,,,
Dominican Republic,66.5,1985,,,
Dominican Republic,66.5,1990,,,
Dominican Republic,69.0,1990,,,
Ecuador,67.5,1985,,,
Ecuador,67.5,1990,88.3,,
Ecuador,70.5,1990,88.3,,
Egypt,60.0,1985,,,
Egypt,60.0,1990,,,
Egypt,63.5,1990,,,
El Salvador,63.5,1985,,,
El Salvador,63.5,1990,,,
El Salvador,67.0,1990,,,
Equatorial Guinea,45.5,1985,,,
Equatorial Guinea,45.5,1990,,,
Equatorial Guinea,47.5,1990,,,
Eritrea,46.5,1985,,,
Eritrea,46.5,1990,,,
Eritrea,50.0,1990,,,
Estonia,70.5,1985,,,
Estonia,70.5,1990,,,
Estonia,68.5,1990,,,
Ethiopia,46.5,1985,,,
Ethiopia,46.5,1990,,,
Ethiopia,48.5,1990,,,
Federated States of Micronesia,65.5,1985,,,
Federated States of Micronesia,65.5,1990,,,
Federated States of Micronesia,66.5,1990,,,
Fiji,67.0,1985,,,
Fiji,67.0,1990,,,
Finland,75.0,1985,,,
Finland,75.0,1990,,,
Finland,76.0,1990,,,
France,76.0,1985,,,
France,76.0,1990,,,
France,77.0,1990,,,
French Guiana,71.5,1985,,,
French Guiana,71.5,1990,,,
French Guiana,73.0,1990,,,
French Polynesia,68.5,1985,,,
French Polynesia,68.5,1990,,,
French Polynesia,70.5,1990,,,
Gabon,60.5,1985,,,
Gabon,60.5,1990,,,
Gabon,61.5,1990,,,
Gambia The,49.0,1985,,,
Gambia The,49.0,1990,,,
Gambia The,53.0,1990,,,
Georgia,70.5,1985,,,
Georgia,70.5,1990,,,
Germany,75.0,1985,,,
Germany,75.0,1990,,,
Germany,76.0,1990,,,
Ghana,56.0,1985,,,
Ghana,56.0,1990,,,
Ghana,57.5,1990,,,
Greece,76.5,1985,,,
Greece,76.5,1990,,,
Greece,77.5,1990,,,
Grenada,66.0,1985,,,
Grenada,66.0,1990,,,
Grenada,66.5,1990,,,
Guadeloupe,73.5,1985,,,
Guadeloupe,73.5,1990,,,
Guadeloupe,76.0,1990,,,
Guam,71.5,1985,,,
Guam,71.5,1990,,,
Guam,72.5,1990,,,
Guatemala,61.0,1985,,,
Guatemala,61.0,1990,,,
Guatemala,64.0,1990,,,
Guinea,45.5,1985,,,
Guinea,45.5,1990,,,
Guinea,48.5,1990,,,
Guinea-Bissau,41.5,1985,,,
Guinea-Bissau,41.5,1990,,,
Guinea-Bissau,43.5,1990,,,
Guyana,62.0,1985,,,
Guyana,62.0,1990,,,
Guyana,62.5,1990,,,
Haiti,53.5,1985,,,
Haiti,53.5,1990,,,23.7
Haiti,55.5,1990,,,23.7
Honduras,65.0,1985,,,
Honduras,65.0,1990,,,
Honduras,66.5,1990,,,
Hong Kong SAR,77.0,1985,,,
Hong Kong SAR,77.0,1990,,,
Hong Kong SAR,78.5,1990,,,
Hungary,70.0,1985,,,
Hungary,70.0,1990,,,
Hungary,69.5,1990,,,
Iceland,77.5,1985,,,
Iceland,77.5,1990,,,
Iceland,78.5,1990,,,
India,58.5,1985,,,
India,58.5,1990,,,59.5
India,60.5,1990,,,59.5
Indonesia,60.5,1985,,,
Indonesia,60.5,1990,81.5,,
Indonesia,63.0,1990,81.5,,
Iran,63.0,1985,,,
Iran,63.0,1990,,,
Iran,66.0,1990,,,
Iraq,65.5,1985,,,
Iraq,65.5,1990,,,
Iraq,59.5,1990,,,
Ireland,74.5,1985,,,
Ireland,74.5,1990,,,
Ireland,75.5,1990,,,
Israel,75.5,1985,,,
Israel,75.5,1990,,,
Israel,77.0,1990,,,
Italy,76.5,1985,,,
Italy,76.5,1990,,,
Italy,77.0,1990,,,
Jamaica,71.5,1985,,,
Jamaica,71.5,1990,,,
Jamaica,72.0,1990,,,
Japan,78.5,1985,,,
Japan,78.5,1990,,,
Japan,79.0,1990,,,
Jordan,66.0,1985,,,
Jordan,66.0,1990,,8.6,4.800000000000001
Jordan,68.0,1990,,8.6,4.800000000000001
Kazakhstan,67.0,1985,,,
Kazakhstan,67.0,1990,,,
Kazakhstan,65.5,1990,,,
Kenya,59.5,1985,,,
Kenya,59.5,1990,,,
Kenya,59.0,1990,,,
Korea DPR,70.0,1985,,,
Korea DPR,70.0,1990,,,
Korea Rep,70.0,1985,,,
Korea Rep,70.0,1990,,,
Korea Rep,72.5,1990,,,
Kuwait,74.5,1985,,,
Kuwait,74.5,1990,,,
Kuwait,75.5,1990,,,
Kyrgyzstan,66.0,1985,,,
Kyrgyzstan,66.0,1990,,,
Lao PDR,52.5,1985,,,
Lao PDR,52.5,1990,,,
Lao PDR,56.0,1990,,,
Latvia,70.5,1985,,,
Latvia,70.5,1990,,,
Latvia,68.0,1990,,,
Lebanon,68.5,1985,,,
Lebanon,68.5,1990,,,
Lebanon,69.5,1990,,,
Lesotho,57.0,1985,,,
Lesotho,57.0,1990,,,
Lesotho,60.0,1990,,,
Liberia,46.0,1985,,,
Liberia,46.0,1990,,,
Liberia,41.0,1990,,,
Libya,67.0,1985,,,
Libya,67.0,1990,,,
Libya,69.5,1990,,,
Lithuania,71.5,1985,,,
Lithuania,71.5,1990,,,
Lithuania,69.5,1990,,,
Luxembourg,74.0,1985,,,
Luxembourg,74.0,1990,,,
Luxembourg,75.5,1990,,,
Macau SAR,76.5,1985,,,
Macau SAR,76.5,1990,,,
Macau SAR,77.5,1990,,,
Macedonia,71.0,1985,,,
Macedonia,71.0,1990,,,
Macedonia,71.5,1990,,,
Madagascar,49.0,1985,,,
Madagascar,49.0,1990,,,
Madagascar,52.5,1990,,,
Malawi,47.5,1985,,,
Malawi,47.5,1990,,,
Malawi,49.5,1990,,,
Malaysia,70.0,1985,,,
Malaysia,70.0,1990,,,22.1
Malaysia,71.0,1990,,,22.1
Maldives,59.5,1985,,,
Maldives,59.5,1990,96.0,,
Maldives,61.0,1990,96.0,,
Mali,46.5,1985,,,
Mali,46.5,1990,,,
Mali,48.5,1990,,,
Malta,75.0,1985,,,
Malta,75.0,1990,,,
Malta,76.0,1990,,,
Martinique,75.5,1985,,,
Martinique,75.5,1990,,,
Martinique,77.0,1990,,,
Mauritania,56.0,1985,,,
Mauritania,56.0,1990,,6.766666666666667,43.333333333333336
Mauritania,58.5,1990,,6.766666666666667,43.333333333333336
Mauritius,69.0,1985,,8.8,21.1
Mauritius,69.0,1990,79.9,,
Mauritius,70.0,1990,79.9,,
Mexico,70.0,1985,,,
Mexico,70.0,1990,87.6,,
Mexico,72.0,1990,87.6,,
Mongolia,60.5,1985,,,
Mongolia,60.5,1990,,,
Mongolia,61.0,1990,,,
Montenegro,74.5,1985,,,
Montenegro,74.5,1990,,,
Montenegro,76.0,1990,,,
Morocco,63.0,1985,,,
Morocco,63.0,1990,,,
Morocco,66.0,1990,,,
Mozambique,42.5,1985,,,
Mozambique,42.5,1990,,,
Mozambique,44.5,1990,,,
Myanmar,58.0,1985,,,34.1
Myanmar,58.0,1990,,,28.8
Myanmar,59.5,1990,,,28.8
Namibia,61.0,1985,,,
Namibia,61.0,1990,,,
Namibia,62.0,1990,,,
Nepal,52.5,1985,,,
Nepal,52.5,1990,,,
Nepal,56.0,1990,,,
Netherlands,77.0,1985,,,
Netherlands,77.0,1990,,,
Netherlands Antilles,74.5,1985,,,
Netherlands Antilles,74.5,1990,,,
Netherlands Antilles,75.0,1990,,,
New Caledonia,70.0,1985,,,
New Caledonia,70.0,1990,,,
New Caledonia,72.0,1990,,,
New Zealand,75.0,1985,,,
New Zealand,75.0,1990,,,
New Zealand,76.0,1990,,,
Nicaragua,62.5,1985,,,
Nicaragua,62.5,1990,,,
Nicaragua,66.5,1990,,,
Niger,44.5,1985,,,45.0
Niger,44.5,1990,,,
Niger,47.5,1990,,,
Nigeria,46.5,1985,,,
Nigeria,46.5,1990,,3.2000000000000006,35.13333333333333
Nigeria,47.5,1990,,3.2000000000000006,35.13333333333333
Norway,76.5,1985,,,
Norway,76.5,1990,,,
Norway,77.0,1990,,,
Oman,68.0,1985,,,
Oman,68.0,1990,,,
Oman,71.5,1990,,,
Pakistan,58.0,1985,,,
Pakistan,58.0,1990,,,
Pakistan,61.0,1990,,,
"Palestinian Territory, Occupied",67.0,1985,,,
"Palestinian Territory, Occupied",67.0,1990,,,
"Palestinian Territory, Occupied",69.5,1990,,,
Panama,72.0,1985,,,
Panama,72.0,1990,88.8,,
Panama,73.0,1990,88.8,,
Papua New Guinea,54.0,1985,,,
Papua New Guinea,54.0,1990,,,
Papua New Guinea,56.0,1990,,,
Paraguay,67.5,1985,,,
Paraguay,67.5,1990,,6.266666666666667,2.7999999999999994
Paraguay,68.5,1990,,6.266666666666667,2.7999999999999994
Peru,64.5,1985,,,
Peru,64.5,1990,,,
Peru,66.5,1990,,,
Philippines,64.0,1985,,,
Philippines,64.0,1990,93.6,,29.9
Philippines,67.0,1990,93.6,,29.9
Poland,71.0,1985,,,
Poland,71.0,1990,,,
Poland,71.5,1990,,,
Portugal,73.5,1985,,,
Portugal,73.5,1990,,,
Portugal,74.5,1990,,,
Puerto Rico,75.0,1985,,,
Puerto Rico,75.0,1990,,,
Puerto Rico,74.5,1990,,,
Qatar,69.0,1985,,,
Qatar,69.0,1990,,,
Qatar,70.5,1990,,,
Republic of Moldova,67.5,1985,,,
Republic of Moldova,67.5,1990,,,
Reunion,72.0,1985,,,
Reunion,72.0,1990,,,
Reunion,73.5,1990,,,
Romania,70.0,1985,,,
Romania,70.0,1990,,,
Romania,69.5,1990,,,
Russian Federation,69.0,1985,,,
Russian Federation,69.0,1990,,,
Russian Federation,67.0,1990,,,
Rwanda,44.0,1985,,,
Rwanda,44.0,1990,,,
Rwanda,23.5,1990,,,
Sahrawi,56.5,1985,,,
Sahrawi,56.5,1990,,,
Sahrawi,59.0,1990,,,
Saint Lucia,71.0,1985,,,
Saint Lucia,71.0,1990,,,
Saint Lucia,71.5,1990,,,
Samoa,64.0,1985,,,
Samoa,64.0,1990,,,
Samoa,66.5,1990,,,
Sao Tome and Principe,61.5,1985,,,
Sao Tome and Principe,61.5,1990,,,
Sao Tome and Principe,62.5,1990,,,
Saudi Arabia,66.5,1985,,,
Saudi Arabia,66.5,1990,,,
Saudi Arabia,69.0,1990,,,
Senegal,56.0,1985,,,
Senegal,56.0,1990,,,
Senegal,58.5,1990,,,
Serbia,71.5,1985,,,
Serbia,71.5,1990,,,
Sierra Leone,40.0,1985,,,
Sierra Leone,40.0,1990,,,25.4
Sierra Leone,38.5,1990,,,25.4
Singapore,73.5,1985,,,
Singapore,73.5,1990,89.1,,
Singapore,76.0,1990,89.1,,
Slovakia,71.0,1985,,,
Slovakia,71.0,1990,,,
Slovakia,72.0,1990,,,
Slovenia,72.5,1985,,,
Slovenia,72.5,1990,,,
Slovenia,73.5,1990,,,
Solomon Islands,56.0,1985,,,
Solomon Islands,56.0,1990,,,
Solomon Islands,58.5,1990,,,
Somalia,44.5,1985,,,
Somalia,44.5,1990,,,
Somalia,39.5,1990,,,
South Africa,61.0,1985,,,
South Africa,61.0,1990,,,
South Africa,62.0,1990,,,
Spain,76.5,1985,,,
Spain,76.5,1990,,,
Spain,77.5,1990,,,
Sri Lanka,69.5,1985,,,
Sri Lanka,69.5,1990,,,
Sri Lanka,71.0,1990,,,
St Vincent and the Grenadines,68.5,1985,,,
St Vincent and the Grenadines,68.5,1990,,,
St Vincent and the Grenadines,69.5,1990,,,
Sudan,51.5,1985,,,
Sudan,51.5,1990,,,
Sudan,53.5,1990,,,
Suriname,68.5,1985,,,
Suriname,68.5,1990,,,
Swaziland,58.0,1985,,,
Swaziland,58.0,1990,,,
Swaziland,58.5,1990,,,
Sweden,77.0,1985,,,
Sweden,77.0,1990,,,
Sweden,78.0,1990,,,
Switzerland,77.5,1985,,,
Switzerland,77.5,1990,,,
Switzerland,78.0,1990,,,
Syria,67.0,1985,,,
Syria,67.0,1990,,,
Syria,69.5,1990,,,
Tajikistan,63.5,1985,,,
Tajikistan,63.5,1990,,,
Tanzania,51.5,1985,,,
Tanzania,51.5,1990,,,
Tanzania,50.5,1990,,,
Thailand,66.5,1985,,,
Thailand,66.5,1990,,,
Thailand,67.5,1990,,,
Timor Leste,43.5,1985,,,
Timor Leste,43.5,1990,,,
Timor Leste,49.0,1990,,,
Togo,57.0,1985,,,
Togo,57.0,1990,,,
Togo,58.0,1990,,,
Tonga,69.5,1985,,,
Tonga,69.5,1990,,,
Tonga,70.0,1990,,,
Trinidad and Tobago,69.5,1985,,,
Trinidad and Tobago,69.5,1990,96.9,,
Trinidad and Tobago,70.5,1990,96.9,,
Tunisia,67.0,1985,,,
Tunisia,67.0,1990,,,
Tunisia,70.0,1990,,,
Turkey,63.0,1985,,,
Turkey,63.0,1990,79.2,,
Turkey,66.5,1990,79.2,,
Turkmenistan,62.5,1985,,,
Turkmenistan,62.5,1990,,,
Turkmenistan,63.5,1990,,,
Uganda,51.5,1985,,,
Uganda,51.5,1990,,,
Uganda,49.0,1990,,,
Ukraine,70.0,1985,,,
Ukraine,70.0,1990,,,
Ukraine,69.0,1990,,,
United Arab Emirates,72.0,1985,,,
United Arab Emirates,72.0,1990,,,
United Arab Emirates,74.0,1990,,,
United Kingdom,75.0,1985,,,
United Kingdom,75.0,1990,,,
United Kingdom,76.5,1990,,,
United States Virgin Islands,74.0,1985,,,
United States Virgin Islands,74.0,1990,,,
United States Virgin Islands,76.0,1990,,,
United States of America,75.0,1985,,,
United States of America,75.0,1990,,,
United States of America,75.5,1990,,,
Uruguay,72.5,1985,,,
Uruguay,72.5,1990,,,
Uruguay,73.0,1990,,,
Uzbekistan,67.0,1985,,,
Uzbekistan,67.0,1990,,,
Uzbekistan,66.0,1990,,,
Vanuatu,62.5,1985,,,
Vanuatu,62.5,1990,,,
Vanuatu,64.5,1990,,,
Venezuela,71.0,1985,,,
Venezuela,71.0,1990,,,
Venezuela,71.5,1990,,,
Vietnam,63.0,1985,,,
Vietnam,63.0,1990,,,
Vietnam,68.0,1990,,,
Yemen,52.5,1985,,,
Yemen,52.5,1990,,,
Yemen,55.5,1990,,,
Zambia,51.0,1985,,,
Zambia,51.0,1990,65.0,,
Zambia,46.5,1990,65.0,,
Zimbabwe,62.0,1985,,,
Zimbabwe,62.0,1990,,,
Zimbabwe,60.5,1990,,,
Afghanistan,42.0,1995,,,
Albania,72.0,1995,,,
Albania,73.0,1995,,,
Algeria,68.0,1995,,13.166666666666666,11.300000000000002
Algeria,69.0,1995,,13.166666666666666,11.300000000000002
Angola,40.5,1995,,,
Angola,41.0,1995,,,
Argentina,72.5,1995,,,
Argentina,73.5,1995,,,
Armenia,68.5,1995,,,
Armenia,70.5,1995,,,
Aruba,74.0,1995,,,
Aruba,73.0,1995,,,
Australia,78.0,1995,,,
Australia,79.0,1995,,,
Austria,76.0,1995,,,
Austria,77.5,1995,,,
Azerbaijan,65.5,1995,,,
Azerbaijan,66.5,1995,,,
Bahamas,69.5,1995,,,
Bahamas,68.5,1995,,,
Bahrain,73.0,1995,,,7.6
Bahrain,74.5,1995,,,7.6
Bangladesh,56.0,1995,,0.2333333333333333,58.0
Bangladesh,59.5,1995,,0.2333333333333333,58.0
Barbados,74.5,1995,,,
Belarus,69.5,1995,,,
Belarus,68.0,1995,,,
Belgium,76.5,1995,,,
Belgium,77.5,1995,,,
Belize,73.0,1995,,,
Belize,74.5,1995,,,
Benin,54.0,1995,,,
Benin,54.5,1995,,,
Bhutan,54.5,1995,,,
Bhutan,59.0,1995,,,
Bolivia,60.0,1995,,,
Bolivia,62.0,1995,,,
Bosnia and Herzegovina,72.5,1995,,,
Bosnia and Herzegovina,73.5,1995,,,
Botswana,62.5,1995,,,
Botswana,52.5,1995,,,
Brazil,67.5,1995,,,
Brazil,69.5,1995,,,
Brunei,74.5,1995,,,
Brunei,75.5,1995,,,
Bulgaria,71.5,1995,,,
Burkina Faso,50.5,1995,,,
Burkina Faso,50.0,1995,,,
Burundi,45.0,1995,,,
Burundi,45.5,1995,,,
Cambodia,55.5,1995,,,
Cambodia,56.0,1995,,,
Cameroon,54.5,1995,,,
Cameroon,52.0,1995,,,
Canada,78.0,1995,,,
Canada,78.5,1995,,,
Cape Verde,66.5,1995,,,
Cape Verde,68.5,1995,,,
Central African Republic,49.5,1995,,3.5,22.549999999999997
Central African Republic,46.5,1995,,3.5,22.549999999999997
Chad,51.5,1995,,,
Channel Islands,76.5,1995,,,
Channel Islands,77.5,1995,,,
Chile,74.0,1995,,10.9,0.8
Chile,76.0,1995,,10.9,0.8
China,68.5,1995,,13.566666666666668,10.633333333333333
China,70.5,1995,,13.566666666666668,10.633333333333333
Colombia,69.0,1995,,4.5,6.266666666666667
Colombia,70.5,1995,,4.5,6.266666666666667
Comoros,58.0,1995,,,
Comoros,61.0,1995,,,
Congo,56.5,1995,,,
Congo,53.0,1995,,,
Congo Dem. Rep.,46.0,1995,,,
Congo Dem. Rep.,42.5,1995,,,
Costa Rica,76.5,1995,,,
Costa Rica,77.5,1995,,,
Croatia,72.5,1995,,7.8,0.5
Croatia,74.0,1995,,7.8,0.5
Cuba,75.0,1995,,,
Cuba,76.0,1995,,,
Cyprus,77.0,1995,,,
Cyprus,77.5,1995,,,
Czech Republic,72.5,1995,,,
Czech Republic,74.5,1995,,,
Côte d’Ivoire,52.5,1995,,,
Côte d’Ivoire,48.0,1995,,,
Denmark,75.5,1995,,,
Denmark,76.5,1995,,,
Djibouti,51.5,1995,,,
Djibouti,53.5,1995,,,
Dominican Republic,69.0,1995,,,
Dominican Republic,70.0,1995,,,
Ecuador,70.5,1995,,,
Ecuador,72.5,1995,,,
Egypt,63.5,1995,,,
Egypt,67.0,1995,,,
El Salvador,67.0,1995,,,
El Salvador,70.0,1995,,,
Equatorial Guinea,47.5,1995,,,
Equatorial Guinea,48.5,1995,,,
Eritrea,50.0,1995,,,
Eritrea,53.5,1995,,,
Estonia,68.5,1995,,,
Estonia,69.5,1995,,,
Ethiopia,48.5,1995,,,
Ethiopia,49.5,1995,,,
Federated States of Micronesia,66.5,1995,,,
Federated States of Micronesia,67.5,1995,,,
Fiji,67.0,1995,,,
Finland,76.0,1995,,,
Finland,77.0,1995,,,
France,77.0,1995,,,
France,78.5,1995,,,
French Guiana,73.0,1995,,,
French Guiana,75.0,1995,,,
French Polynesia,70.5,1995,,,
French Polynesia,72.0,1995,,,
Gabon,61.5,1995,,,
Gabon,60.5,1995,,,
Gambia The,53.0,1995,,,
Gambia The,56.0,1995,,,
Georgia,70.5,1995,,,
Germany,76.0,1995,,,
Germany,77.0,1995,,,
Ghana,57.5,1995,,,
Ghana,58.5,1995,,,
Greece,77.5,1995,,,
Grenada,66.5,1995,,,
Grenada,67.0,1995,,,
Guadeloupe,76.0,1995,,,
Guadeloupe,77.5,1995,,,
Guam,72.5,1995,,,
Guam,73.5,1995,,,
Guatemala,64.0,1995,,6.2,21.700000000000003
Guatemala,66.5,1995,,6.2,21.700000000000003
Guinea,48.5,1995,,,21.2
Guinea,51.5,1995,,,21.2
Guinea-Bissau,43.5,1995,,,
Guinea-Bissau,45.0,1995,,,
Guyana,62.5,1995,,,
Haiti,55.5,1995,,4.300000000000001,24.0
Haiti,56.5,1995,,4.300000000000001,24.0
Honduras,66.5,1995,,,
Honduras,68.0,1995,,,
Hong Kong SAR,78.5,1995,,,
Hong Kong SAR,80.0,1995,,,
Hungary,69.5,1995,,,
Hungary,70.5,1995,,,
Iceland,78.5,1995,,,
Iceland,79.0,1995,,,
India,60.5,1995,,,
India,62.0,1995,,,
Indonesia,63.0,1995,,6.5,28.099999999999998
Indonesia,66.0,1995,,6.5,28.099999999999998
Iran,66.0,1995,,,
Iran,68.0,1995,,,
Iraq,59.5,1995,,,
Iraq,58.5,1995,,,
Ireland,75.5,1995,,,
Ireland,76.5,1995,,,
Israel,77.0,1995,,,
Israel,78.0,1995,,,
Italy,77.0,1995,,,
Italy,78.5,1995,,,
Jamaica,72.0,1995,,5.166666666666667,3.966666666666667
Japan,79.0,1995,,,
Japan,80.5,1995,,,
Jordan,68.0,1995,,,
Jordan,70.0,1995,,,
Kazakhstan,65.5,1995,,5.933333333333333,6.833333333333333
Kazakhstan,63.0,1995,,5.933333333333333,6.833333333333333
Kenya,59.0,1995,,,
Kenya,54.0,1995,,,
Korea DPR,70.0,1995,,,
Korea DPR,67.5,1995,,,
Korea Rep,72.5,1995,,,
Korea Rep,74.5,1995,,,
Kuwait,75.5,1995,78.4,23.3,9.2
Kuwait,76.5,1995,78.4,23.3,9.2
Kyrgyzstan,66.0,1995,,,
Kyrgyzstan,65.0,1995,,,
Lao PDR,56.0,1995,,,
Lao PDR,59.5,1995,,,
Latvia,68.0,1995,,,
Latvia,70.0,1995,,,
Lebanon,69.5,1995,,,
Lebanon,70.0,1995,,,
Lesotho,60.0,1995,,,
Lesotho,55.5,1995,,,
Liberia,41.0,1995,,,
Liberia,42.5,1995,,,
Libya,69.5,1995,,13.4,4.225
Libya,72.0,1995,,13.4,4.225
Lithuania,69.5,1995,,,
Lithuania,71.0,1995,,,
Luxembourg,75.5,1995,,,
Luxembourg,77.0,1995,,,
Macau SAR,77.5,1995,,,
Macau SAR,79.0,1995,,,
Macedonia,71.5,1995,,,
Macedonia,72.5,1995,,,
Madagascar,52.5,1995,,,30.4
Madagascar,55.0,1995,,,30.4
Malawi,49.5,1995,,,26.5
Malawi,47.5,1995,,,26.5
Malaysia,71.0,1995,,,17.7
Malaysia,72.5,1995,,,17.7
Maldives,61.0,1995,96.3,2.2,39.0
Maldives,63.5,1995,96.3,2.2,39.0
Mali,48.5,1995,,,
Mali,50.0,1995,,,
Malta,76.0,1995,87.9,,
Malta,77.5,1995,87.9,,
Martinique,77.0,1995,,,
Martinique,78.0,1995,,,
Mauritania,58.5,1995,,,
Mauritania,60.5,1995,,,
Mauritius,70.0,1995,,6.5,13.0
Mauritius,71.0,1995,,6.5,13.0
Mexico,72.0,1995,,,
Mexico,73.5,1995,,,
Mongolia,61.0,1995,,,
Mongolia,63.5,1995,,,
Montenegro,76.0,1995,,,
Montenegro,75.5,1995,,,
Morocco,66.0,1995,,,
Morocco,68.0,1995,,,
Mozambique,44.5,1995,,,23.9
Mozambique,46.5,1995,,,23.9
Myanmar,59.5,1995,,,38.7
Myanmar,60.5,1995,,,38.7
Namibia,62.0,1995,,,
Namibia,59.0,1995,,,
Nepal,56.0,1995,,1.2,44.1
Nepal,59.5,1995,,1.2,44.1
Netherlands,77.0,1995,,,
Netherlands,78.0,1995,,,
Netherlands Antilles,75.0,1995,,,
Netherlands Antilles,74.5,1995,,,
New Caledonia,72.0,1995,,,
New Caledonia,73.0,1995,,,
New Zealand,76.0,1995,,,
New Zealand,77.5,1995,,,
Nicaragua,66.5,1995,,,
Nicaragua,68.5,1995,,,
Niger,47.5,1995,,,
Niger,51.0,1995,,,
Nigeria,47.5,1995,,,
Norway,77.0,1995,,,
Norway,78.0,1995,,,
Oman,71.5,1995,,1.1,9.966666666666667
Oman,72.5,1995,,1.1,9.966666666666667
Pakistan,61.0,1995,,,34.2
Pakistan,61.5,1995,,,34.2
"Palestinian Territory, Occupied",69.5,1995,,,
"Palestinian Territory, Occupied",71.0,1995,,,
Panama,73.0,1995,,,
Panama,73.5,1995,,,
Papua New Guinea,56.0,1995,,,
Papua New Guinea,56.5,1995,,,
Paraguay,68.5,1995,,,
Paraguay,69.5,1995,,,
Peru,66.5,1995,,,
Peru,68.5,1995,,,
Philippines,67.0,1995,,,
Philippines,69.0,1995,,,
Poland,71.5,1995,,,
Poland,73.0,1995,,,
Portugal,74.5,1995,,,
Portugal,75.5,1995,,,
Puerto Rico,74.5,1995,,,
Puerto Rico,75.0,1995,,,
Qatar,70.5,1995,,10.4,4.8
Qatar,72.5,1995,,10.4,4.8
Republic of Moldova,67.5,1995,,,
Republic of Moldova,66.5,1995,,,
Reunion,73.5,1995,,,
Reunion,75.0,1995,,,
Romania,69.5,1995,,,
Romania,70.0,1995,,,
Russian Federation,67.0,1995,,,
Russian Federation,66.0,1995,,,
Rwanda,23.5,1995,,,
Rwanda,36.5,1995,,,
Sahrawi,59.0,1995,,,
Sahrawi,61.5,1995,,,
Saint Lucia,71.5,1995,,,
Samoa,66.5,1995,,,
Samoa,68.5,1995,,,
Sao Tome and Principe,62.5,1995,,,
Sao Tome and Principe,63.5,1995,,,
Saudi Arabia,69.0,1995,,,
Saudi Arabia,71.0,1995,,,
Senegal,58.5,1995,,,
Senegal,60.5,1995,,,
Serbia,71.5,1995,,,
Serbia,72.5,1995,,,
Sierra Leone,38.5,1995,,,
Sierra Leone,40.0,1995,,,
Singapore,76.0,1995,,,
Singapore,77.0,1995,,,
Slovakia,72.0,1995,,,
Slovakia,73.0,1995,,,
Slovenia,73.5,1995,,,
Slovenia,75.0,1995,,,
Solomon Islands,58.5,1995,,,
Solomon Islands,60.5,1995,,,
Somalia,39.5,1995,,,
Somalia,44.0,1995,,,
South Africa,62.0,1995,,10.3,8.0
South Africa,60.5,1995,,10.3,8.0
Spain,77.5,1995,,,
Spain,78.5,1995,,,
Sri Lanka,71.0,1995,,,29.3
Sri Lanka,70.5,1995,,,29.3
St Vincent and the Grenadines,69.5,1995,,,
St Vincent and the Grenadines,70.5,1995,,,
Sudan,53.5,1995,,,
Sudan,55.5,1995,,,
Suriname,68.5,1995,,,
Suriname,69.0,1995,,,
Swaziland,58.5,1995,,,
Swaziland,54.5,1995,,,
Sweden,78.0,1995,,,
Sweden,79.5,1995,,,
Switzerland,78.0,1995,,,
Switzerland,79.0,1995,,,
Syria,69.5,1995,,,
Syria,71.5,1995,,,
Tajikistan,63.5,1995,,,
Tajikistan,64.5,1995,,,
Tanzania,50.5,1995,,,
Tanzania,48.5,1995,,,
Thailand,67.5,1995,,4.7,15.4
Thailand,68.0,1995,,4.7,15.4
Timor Leste,49.0,1995,,,
Timor Leste,54.5,1995,,,
Togo,58.0,1995,,,
Togo,58.5,1995,,,
Tonga,70.0,1995,,,
Tonga,71.0,1995,,,
Trinidad and Tobago,70.5,1995,,,
Trinidad and Tobago,69.5,1995,,,
Tunisia,70.0,1995,,25.366666666666664,8.133333333333333
Tunisia,72.0,1995,,25.366666666666664,8.133333333333333
Turkey,66.5,1995,,,9.0
Turkey,69.0,1995,,,9.0
Turkmenistan,63.5,1995,98.8,,
Turkmenistan,63.0,1995,98.8,,
Uganda,49.0,1995,,5.1,21.566666666666666
Uganda,45.0,1995,,5.1,21.566666666666666
Ukraine,69.0,1995,,,
Ukraine,67.5,1995,,,
United Arab Emirates,74.0,1995,,,
United Arab Emirates,77.0,1995,,,
United Kingdom,76.5,1995,,,
United Kingdom,77.5,1995,,,
United States Virgin Islands,76.0,1995,,,
United States Virgin Islands,77.0,1995,,,
United States of America,75.5,1995,,,
United States of America,76.5,1995,,,
Uruguay,73.0,1995,,,
Uruguay,74.0,1995,,,
Uzbekistan,66.0,1995,,,
Uzbekistan,66.5,1995,,,
Vanuatu,64.5,1995,,,
Vanuatu,66.5,1995,,,
Venezuela,71.5,1995,,,
Venezuela,72.0,1995,,,
Vietnam,68.0,1995,,,
Vietnam,70.5,1995,,,
Yemen,55.5,1995,,,
Yemen,58.0,1995,,,
Zambia,46.5,1995,,,
Zambia,40.5,1995,,,
Zimbabwe,60.5,1995,,,
Zimbabwe,47.0,1995,,,
Afghanistan,42.0,2000,,,
Albania,73.0,2000,,30.0,16.933333333333334
Albania,76.0,2000,,30.0,16.933333333333334
Algeria,69.0,2000,,14.733333333333334,5.433333333333333
Algeria,71.0,2000,,14.733333333333334,5.433333333333333
Angola,41.0,2000,,,
Argentina,73.5,2000,,,
Argentina,74.5,2000,,,
Armenia,70.5,2000,,,
Armenia,71.5,2000,,,
Aruba,73.0,2000,,,
Australia,79.0,2000,,,
Australia,80.5,2000,,,
Austria,77.5,2000,,,
Austria,79.0,2000,,,
Azerbaijan,66.5,2000,,6.2,14.066666666666668
Bahamas,68.5,2000,,,
Bahamas,71.0,2000,,,
Bahrain,74.5,2000,,,
Bahrain,75.0,2000,,,
Bangladesh,59.5,2000,,0.8333333333333334,45.23333333333334
Bangladesh,62.0,2000,,0.8333333333333334,45.23333333333334
Barbados,74.5,2000,,,
Barbados,76.0,2000,,,
Belarus,68.0,2000,,,
Belarus,69.0,2000,,,
Belgium,77.5,2000,,,
Belgium,78.0,2000,,,
Belize,74.5,2000,,,
Belize,76.0,2000,,,
Benin,54.5,2000,,,
Bhutan,59.0,2000,,,
Bhutan,63.5,2000,,,
Bolivia,62.0,2000,,,
Bolivia,64.0,2000,,,
Bosnia and Herzegovina,73.5,2000,96.7,16.3,4.199999999999999
Bosnia and Herzegovina,74.0,2000,96.7,16.3,4.199999999999999
Botswana,52.5,2000,,10.4,10.666666666666666
Botswana,46.5,2000,,10.4,10.666666666666666
Brazil,69.5,2000,86.4,,
Brazil,71.0,2000,86.4,,
Brunei,75.5,2000,,,
Brunei,76.5,2000,,,
Bulgaria,71.5,2000,,,
Bulgaria,72.5,2000,,,
Burkina Faso,50.0,2000,,,
Burkina Faso,50.5,2000,,,
Burundi,45.5,2000,59.3,1.4333333333333333,38.86666666666667
Burundi,47.5,2000,59.3,1.4333333333333333,38.86666666666667
Cambodia,56.0,2000,,4.0,39.53333333333333
Cambodia,57.0,2000,,4.0,39.53333333333333
Cameroon,52.0,2000,68.4,,
Cameroon,49.5,2000,68.4,,
Canada,78.5,2000,,,
Canada,79.5,2000,,,
Cape Verde,68.5,2000,,,
Cape Verde,70.0,2000,,,
Central African Republic,46.5,2000,50.6,10.766666666666666,21.8
Central African Republic,43.5,2000,50.6,10.766666666666666,21.8
Chad,51.5,2000,25.7,2.7000000000000006,29.366666666666664
Chad,50.5,2000,25.7,2.7000000000000006,29.366666666666664
Channel Islands,77.5,2000,,,
Channel Islands,78.5,2000,,,
Chile,76.0,2000,,,
Chile,78.0,2000,,,
China,70.5,2000,90.9,3.3666666666666667,7.400000000000001
China,72.0,2000,90.9,3.3666666666666667,7.400000000000001
Colombia,70.5,2000,,5.3,4.933333333333334
Colombia,71.5,2000,,5.3,4.933333333333334
Comoros,61.0,2000,68.5,21.46666666666667,24.96666666666667
Comoros,63.0,2000,68.5,21.46666666666667,24.96666666666667
Congo,53.0,2000,,,
Congo Dem. Rep.,42.5,2000,,,
Congo Dem. Rep.,45.0,2000,,,
Costa Rica,77.5,2000,94.9,,
Costa Rica,78.5,2000,94.9,,
Croatia,74.0,2000,,,
Croatia,74.5,2000,,,
Cuba,76.0,2000,,,3.4
Cuba,77.0,2000,,,3.4
Cyprus,77.5,2000,,,
Cyprus,79.0,2000,,,
Czech Republic,74.5,2000,,,
Czech Republic,75.5,2000,,,
Côte d’Ivoire,48.0,2000,48.7,,
Côte d’Ivoire,47.0,2000,48.7,,
Denmark,76.5,2000,,,
Denmark,77.5,2000,,,
Djibouti,53.5,2000,,,
Dominican Republic,70.0,2000,,6.866666666666667,3.466666666666667
Dominican Republic,71.0,2000,,6.866666666666667,3.466666666666667
Ecuador,72.5,2000,,,
Ecuador,74.0,2000,,,
Egypt,67.0,2000,,18.166666666666664,4.233333333333333
Egypt,70.0,2000,,18.166666666666664,4.233333333333333
El Salvador,70.0,2000,,,
El Salvador,71.0,2000,,,
Equatorial Guinea,48.5,2000,88.3,13.966666666666667,15.699999999999998
Equatorial Guinea,49.5,2000,88.3,13.966666666666667,15.699999999999998
Eritrea,53.5,2000,,,
Eritrea,55.0,2000,,,
Estonia,69.5,2000,99.8,,
Estonia,71.0,2000,99.8,,
Ethiopia,49.5,2000,,1.9666666666666668,42.0
Ethiopia,50.5,2000,,1.9666666666666668,42.0
Federated States of Micronesia,67.5,2000,,,
Fiji,67.0,2000,,,
Fiji,68.0,2000,,,
Finland,77.0,2000,,,
Finland,78.5,2000,,,
France,78.5,2000,,,
France,79.5,2000,,,
French Guiana,75.0,2000,,,
French Guiana,75.5,2000,,,
French Polynesia,72.0,2000,,,
French Polynesia,73.5,2000,,,
Gabon,60.5,2000,,,
Gabon,57.0,2000,,,
Gambia The,56.0,2000,,,
Gambia The,58.0,2000,,,
Georgia,70.5,2000,,,
Germany,77.0,2000,,,
Germany,78.5,2000,,,
Ghana,58.5,2000,57.9,,
Greece,77.5,2000,,,
Greece,78.0,2000,,,
Grenada,67.0,2000,,,
Grenada,67.5,2000,,,
Guadeloupe,77.5,2000,,,
Guadeloupe,78.5,2000,,,
Guam,73.5,2000,,,
Guam,74.5,2000,,,
Guatemala,66.5,2000,,8.5,19.6
Guatemala,69.5,2000,,8.5,19.6
Guinea,51.5,2000,,,29.1
Guinea,53.5,2000,,,29.1
Guinea-Bissau,45.0,2000,41.4,5.066666666666666,21.899999999999995
Guinea-Bissau,45.5,2000,41.4,5.066666666666666,21.899999999999995
Guyana,62.5,2000,,5.5,11.799999999999999
Guyana,63.5,2000,,5.5,11.799999999999999
Haiti,56.5,2000,,3.0666666666666664,13.933333333333332
Haiti,58.0,2000,,3.0666666666666664,13.933333333333332
Honduras,68.0,2000,,,
Honduras,69.0,2000,,,
Hong Kong SAR,80.0,2000,,,
Hong Kong SAR,81.5,2000,,,
Hungary,70.5,2000,,,
Hungary,72.5,2000,,,
Iceland,79.0,2000,,,
Iceland,81.0,2000,,,
India,62.0,2000,,,
India,63.0,2000,,,
Indonesia,66.0,2000,,1.5,23.183333333333334
Indonesia,68.5,2000,,1.5,23.183333333333334
Iran,68.0,2000,,,
Iran,69.5,2000,,,
Iraq,58.5,2000,74.1,5.533333333333334,12.9
Iraq,57.0,2000,74.1,5.533333333333334,12.9
Ireland,76.5,2000,,,
Ireland,77.5,2000,,,
Israel,78.0,2000,,,
Israel,80.0,2000,,,
Italy,78.5,2000,,,
Italy,80.0,2000,,,
Jamaica,72.0,2000,,7.2,3.766666666666667
Japan,80.5,2000,,,
Japan,81.5,2000,,,
Jordan,70.0,2000,,,
Jordan,71.5,2000,,,
Kazakhstan,63.0,2000,,,
Kazakhstan,65.0,2000,,,
Kenya,54.0,2000,82.2,8.133333333333333,17.433333333333334
Kenya,51.0,2000,82.2,8.133333333333333,17.433333333333334
Korea DPR,67.5,2000,,,
Korea DPR,66.5,2000,,,
Korea Rep,74.5,2000,,,
Korea Rep,77.0,2000,,,
Kuwait,76.5,2000,,,
Kuwait,77.0,2000,,,
Kyrgyzstan,65.0,2000,,,
Lao PDR,59.5,2000,,,
Lao PDR,62.0,2000,,,
Latvia,70.0,2000,99.7,,
Latvia,71.5,2000,99.7,,
Lebanon,70.0,2000,,,
Lebanon,71.0,2000,,,
Lesotho,55.5,2000,86.3,21.0,15.0
Lesotho,44.5,2000,86.3,21.0,15.0
Liberia,42.5,2000,,4.6,22.7
Liberia,44.0,2000,,4.6,22.7
Libya,72.0,2000,,,
Libya,73.0,2000,,,
Lithuania,71.0,2000,,,
Lithuania,72.0,2000,,,
Luxembourg,77.0,2000,,,
Luxembourg,78.0,2000,,,
Macau SAR,79.0,2000,,,
Macau SAR,80.0,2000,,,
Macedonia,72.5,2000,,,
Macedonia,73.5,2000,,,
Madagascar,55.0,2000,70.7,,
Madagascar,57.5,2000,70.7,,
Malawi,47.5,2000,,8.833333333333334,21.53333333333333
Malawi,45.0,2000,,8.833333333333334,21.53333333333333
Malaysia,72.5,2000,88.7,,
Malaysia,73.0,2000,88.7,,
Maldives,63.5,2000,96.3,,
Maldives,66.0,2000,96.3,,
Mali,50.0,2000,,,
Mali,52.0,2000,,,
Malta,77.5,2000,,,
Malta,78.5,2000,,,
Martinique,78.0,2000,,,
Martinique,79.0,2000,,,
Mauritania,60.5,2000,51.2,,
Mauritania,62.5,2000,51.2,,
Mauritius,71.0,2000,84.3,,
Mauritius,72.0,2000,84.3,,
Mexico,73.5,2000,90.5,,
Mexico,74.5,2000,90.5,,
Mongolia,63.5,2000,97.8,12.699999999999998,11.6
Mongolia,65.0,2000,97.8,12.699999999999998,11.6
Montenegro,75.5,2000,,,
Montenegro,74.5,2000,,,
Morocco,68.0,2000,,,
Morocco,70.0,2000,,,
Mozambique,46.5,2000,,,
Mozambique,44.0,2000,,,
Myanmar,60.5,2000,89.9,2.4,30.100000000000005
Myanmar,60.0,2000,89.9,2.4,30.100000000000005
Namibia,59.0,2000,,3.2999999999999994,20.299999999999997
Namibia,51.5,2000,,3.2999999999999994,20.299999999999997
Nepal,59.5,2000,,,
Nepal,61.5,2000,,,
Netherlands,78.0,2000,,,
Netherlands,78.5,2000,,,
Netherlands Antilles,74.5,2000,,,
Netherlands Antilles,75.0,2000,,,
New Caledonia,73.0,2000,,,
New Caledonia,75.5,2000,,,
New Zealand,77.5,2000,,,
New Zealand,79.0,2000,,,
Nicaragua,68.5,2000,,,
Nicaragua,71.0,2000,,,
Niger,51.0,2000,,1.6333333333333335,43.56666666666666
Niger,54.5,2000,,1.6333333333333335,43.56666666666666
Nigeria,47.5,2000,,,
Nigeria,46.5,2000,,,
Norway,78.0,2000,,,
Norway,79.5,2000,,,
Oman,72.5,2000,,,
Oman,74.5,2000,,,
Pakistan,61.5,2000,,,
Pakistan,63.5,2000,,,
"Palestinian Territory, Occupied",71.0,2000,,,
"Palestinian Territory, Occupied",72.5,2000,,,
Panama,73.5,2000,91.9,,
Panama,74.5,2000,91.9,,
Papua New Guinea,56.5,2000,57.3,,
Papua New Guinea,57.0,2000,57.3,,
Paraguay,69.5,2000,,,
Paraguay,71.0,2000,,,
Peru,68.5,2000,,11.800000000000002,5.166666666666667
Peru,70.0,2000,,11.800000000000002,5.166666666666667
Philippines,69.0,2000,92.6,,
Philippines,70.0,2000,92.6,,
Poland,73.0,2000,,,
Poland,74.5,2000,,,
Portugal,75.5,2000,,,
Portugal,77.0,2000,,,
Puerto Rico,75.0,2000,,,
Puerto Rico,78.0,2000,,,
Qatar,72.5,2000,,,
Qatar,74.5,2000,,,
Republic of Moldova,66.5,2000,96.7,,
Republic of Moldova,67.5,2000,96.7,,
Reunion,75.0,2000,,,
Reunion,76.0,2000,,,
Romania,70.0,2000,,8.933333333333332,3.6666666666666665
Romania,71.5,2000,,8.933333333333332,3.6666666666666665
Russian Federation,66.0,2000,,,
Russian Federation,65.0,2000,,,
Rwanda,36.5,2000,64.9,7.233333333333333,21.275
Rwanda,43.5,2000,64.9,7.233333333333333,21.275
Sahrawi,61.5,2000,,,
Sahrawi,64.0,2000,,,
Saint Lucia,71.5,2000,,,
Saint Lucia,72.5,2000,,,
Samoa,68.5,2000,,,
Samoa,70.5,2000,,,
Sao Tome and Principe,63.5,2000,,9.233333333333333,10.133333333333333
Sao Tome and Principe,64.5,2000,,9.233333333333333,10.133333333333333
Saudi Arabia,71.0,2000,79.4,,
Saudi Arabia,72.0,2000,79.4,,
Senegal,60.5,2000,,3.1666666666666665,20.333333333333332
Senegal,62.0,2000,,3.1666666666666665,20.333333333333332
Serbia,72.5,2000,,,
Serbia,73.5,2000,,,
Sierra Leone,40.0,2000,,4.733333333333333,24.666666666666668
Sierra Leone,41.0,2000,,4.733333333333333,24.666666666666668
Singapore,77.0,2000,92.5,2.5666666666666664,3.266666666666667
Singapore,79.0,2000,92.5,2.5666666666666664,3.266666666666667
Slovakia,73.0,2000,,,
Slovakia,74.0,2000,,,
Slovenia,75.0,2000,,,
Slovenia,76.5,2000,,,
Solomon Islands,60.5,2000,,,
Solomon Islands,62.5,2000,,,
Somalia,44.0,2000,,,22.8
Somalia,46.0,2000,,,22.8
South Africa,60.5,2000,,,
South Africa,53.5,2000,,,
Spain,78.5,2000,,,
Spain,80.0,2000,,,
Sri Lanka,70.5,2000,,1.0,22.866666666666664
Sri Lanka,71.0,2000,,1.0,22.866666666666664
St Vincent and the Grenadines,70.5,2000,,,
Sudan,55.5,2000,,,
Sudan,56.5,2000,,,
Suriname,69.0,2000,,2.866666666666667,11.366666666666667
Swaziland,54.5,2000,81.7,14.866666666666667,9.1
Swaziland,44.0,2000,81.7,14.866666666666667,9.1
Sweden,79.5,2000,,,
Sweden,80.0,2000,,,
Switzerland,79.0,2000,,,
Switzerland,80.5,2000,,,
Syria,71.5,2000,,,
Syria,73.0,2000,,,
Tajikistan,64.5,2000,99.5,,
Tajikistan,66.0,2000,99.5,,
Tanzania,48.5,2000,,,
Tanzania,50.0,2000,,,
Thailand,68.0,2000,92.6,,
Thailand,69.0,2000,92.6,,
Timor Leste,54.5,2000,,,
Timor Leste,58.5,2000,,,
Togo,58.5,2000,53.2,,
Togo,58.0,2000,53.2,,
Tonga,71.0,2000,,,
Tonga,72.0,2000,,,
Trinidad and Tobago,69.5,2000,,4.966666666666667,4.366666666666666
Trinidad and Tobago,69.0,2000,,4.966666666666667,4.366666666666666
Tunisia,72.0,2000,,,3.5
Tunisia,73.0,2000,,,3.5
Turkey,69.0,2000,,,
Turkey,71.0,2000,,,
Turkmenistan,63.0,2000,,,10.5
Turkmenistan,62.5,2000,,,10.5
Uganda,45.0,2000,,,
Uganda,47.5,2000,,,
Ukraine,67.5,2000,,26.433333333333334,4.133333333333334
United Arab Emirates,77.0,2000,,,
United Arab Emirates,78.0,2000,,,
United Kingdom,77.5,2000,,,
United Kingdom,78.5,2000,,,
United States Virgin Islands,77.0,2000,,,
United States Virgin Islands,79.0,2000,,,
United States of America,76.5,2000,,,
United States of America,77.5,2000,,,
Uruguay,74.0,2000,,,
Uruguay,75.5,2000,,,
Uzbekistan,66.5,2000,98.6,,
Vanuatu,66.5,2000,,,
Vanuatu,68.5,2000,,,
Venezuela,72.0,2000,,,
Venezuela,73.0,2000,,,
Vietnam,70.5,2000,,,
Vietnam,73.0,2000,,,
Yemen,58.0,2000,,,
Yemen,60.5,2000,,,
Zambia,40.5,2000,,,
Zambia,39.0,2000,,,
Zimbabwe,47.0,2000,,,
Zimbabwe,40.0,2000,,,
Afghanistan,46.6,2005,,,
Afghanistan,46.9,2006,,,
Afghanistan,47.2,2007,,,
Afghanistan,47.5,2008,,,
Afghanistan,47.9,2009,,,
Albania,76.1,2005,,25.166666666666668,6.566666666666666
Albania,76.3,2006,,,
Albania,76.5,2007,,,
Albania,76.6,2008,95.9,,
Albania,76.8,2009,,23.366666666666664,6.3
Algeria,71.6,2005,,12.9,3.7000000000000006
Algeria,71.9,2006,72.6,,
Algeria,72.2,2007,,,
Algeria,72.4,2008,,,
Algeria,72.6,2009,,,
Albania,,2011,96.8,,
Albania,,2001,98.7,,
Algeria,,2002,69.9,14.666666666666666,11.133333333333333
Angola,,2011,70.4,,
Angola,,2010,70.1,,
Angola,,2001,67.4,,
Antigua and Barbuda,,2011,99.0,,
Antigua and Barbuda,,2010,99.0,,
Antigua and Barbuda,,2001,99.0,,
Argentina,,2011,97.9,,
Argentina,,2010,97.8,,
Argentina,,2001,97.2,,
Argentina,,1991,96.1,,
Armenia,,2011,99.6,,
Armenia,,2010,99.6,16.733333333333334,5.300000000000001
Armenia,,2001,99.4,15.566666666666668,2.533333333333333
Azerbaijan,,2009,99.8,,
Azerbaijan,,2007,99.5,,
Azerbaijan,,2007,99.6,,
Azerbaijan,,1999,98.8,,
Bahrain,,2010,91.9,,
Bahrain,,2010,94.6,,
Bahrain,,2001,86.5,,
Bahrain,,1991,84.0,,
Bangladesh,,2011,57.7,1.8999999999999997,36.8
Bangladesh,,2010,56.8,,
Bangladesh,,2001,47.5,0.8000000000000002,45.333333333333336
Bangladesh,,1991,35.3,0.26666666666666666,64.3
Belarus,,2009,99.6,,
Belarus,,1999,99.6,,
Belize,,1991,70.3,,
Benin,,2010,42.4,,
Benin,,2006,28.7,11.433333333333335,20.166666666666668
Benin,,2002,34.7,,
Benin,,1992,27.2,,
Bhutan,,2005,52.8,,
Bolivia (Plurinational State of),,2009,91.2,,
Bolivia (Plurinational State of),,2008,90.7,8.666666666666666,4.466666666666667
Bolivia (Plurinational State of),,2007,90.7,,
Bolivia (Plurinational State of),,2001,86.7,,
Bolivia (Plurinational State of),,1992,80.0,,10.5
Bosnia and Herzegovina,,2011,98.0,,
Bosnia and Herzegovina,,2010,97.9,,
Botswana,,2011,85.1,,
Botswana,,2010,84.5,,
Botswana,,2003,81.2,,
Botswana,,1991,68.6,,
Brazil,,2010,90.4,,
Brazil,,2009,90.3,,
Brazil,,2008,90.0,,
Brazil,,2007,90.0,7.300000000000001,2.166666666666667
Brazil,,2006,89.6,,
Brazil,,2004,88.6,,
Brunei Darussalam,,2011,95.4,,
Brunei Darussalam,,2010,95.2,,
Brunei Darussalam,,2001,92.7,,
Brunei Darussalam,,1991,87.8,,
Bulgaria,,2011,98.4,,
Bulgaria,,2001,98.2,,
Burkina Faso,,2007,28.7,,
Burkina Faso,,2005,23.6,,
Burkina Faso,,2003,21.8,5.433333333333334,35.166666666666664
Burkina Faso,,1996,12.8,,
Burkina Faso,,1991,13.6,,
Burundi,,2010,67.2,,
Burundi,,2008,86.9,,
Cabo Verde,,2011,84.9,,
Cabo Verde,,2010,84.3,,
Cabo Verde,,2004,80.0,,
Cabo Verde,,1990,62.8,,
Cambodia,,2009,73.9,,
Cambodia,,2008,77.6,2.0,28.799999999999997
Cambodia,,2004,73.6,,
Cambodia,,1998,67.3,,
Cameroon,,2010,71.3,,
Cameroon,,2007,70.7,,
Central African Republic,,2011,56.6,,
Central African Republic,,2010,56.0,,
Chad,,2011,35.4,,
Chad,,2010,34.5,,
Chad,,2004,28.4,4.433333333333334,33.93333333333334
Chad,,1993,10.9,,
Chile,,2009,98.6,,
Chile,,2008,98.6,9.466666666666667,0.5333333333333333
Chile,,2002,95.7,12.0,0.7
Chile,,1992,94.3,,
China,,2010,94.3,6.566666666666666,3.4
China,,2010,95.1,6.566666666666666,3.4
Colombia,,2011,93.6,,
Colombia,,2010,93.4,4.8,3.4
Colombia,,2009,93.2,,
Colombia,,2008,93.4,,
Colombia,,2007,92.7,,
Colombia,,2006,92.3,,
Colombia,,2005,92.8,4.233333333333333,5.1
Colombia,,2004,92.8,,
Colombia,,1996,91.2,,
Colombia,,1993,81.4,,
Comoros,,2011,75.5,,
Comoros,,2010,74.9,,
Costa Rica,,2011,96.3,,
Costa Rica,,2010,96.2,,
Côte d’Ivoire,,2011,56.9,,
Côte d’Ivoire,,2010,56.2,,
Côte d’Ivoire,,1998,36.4,,
Croatia,,2011,98.9,,
Croatia,,2010,98.8,,
Croatia,,2001,98.1,,
Croatia,,1991,96.7,,
Cuba,,2011,99.8,,
Cuba,,2010,99.8,,
Cuba,,2002,99.8,,
Cyprus,,2011,98.7,,
Cyprus,,2010,98.3,,
Cyprus,,2001,96.8,,
Cyprus,,1992,94.4,,
Democratic People's Republic of Korea,,2008,100.0,,
Democratic Republic of the Congo,,2010,66.8,4.9,24.233333333333334
Democratic Republic of the Congo,,2007,61.2,6.833333333333333,28.233333333333334
Democratic Republic of the Congo,,2001,67.2,6.466666666666666,33.6
Dominican Republic,,2011,90.1,,
Dominican Republic,,2010,89.5,,
Dominican Republic,,2007,88.2,8.266666666666667,3.4333333333333336
Dominican Republic,,2002,87.0,8.6,4.233333333333333
Ecuador,,2011,91.6,,
Ecuador,,2010,91.9,,
Ecuador,,2009,84.2,,
Ecuador,,2007,84.2,,
Ecuador,,2001,91.0,,
Egypt,,2012,73.9,,
Egypt,,2010,72.0,,
Egypt,,2006,66.4,,
Egypt,,2005,71.4,14.100000000000001,5.400000000000001
Egypt,,1996,55.6,14.699999999999998,10.733333333333334
El Salvador,,2010,84.5,,
El Salvador,,2009,84.1,,
El Salvador,,2008,84.0,5.666666666666667,6.599999999999999
El Salvador,,2007,82.0,,
El Salvador,,2006,83.6,,
El Salvador,,2004,79.8,,
El Salvador,,1992,74.1,,
Equatorial Guinea,,2011,94.2,,
Equatorial Guinea,,2010,93.9,,
Eritrea,,2011,68.9,,
Eritrea,,2010,67.8,,
Eritrea,,2002,52.5,1.5999999999999999,34.46666666666667
Estonia,,2011,99.8,,
Estonia,,2010,99.8,,
Ethiopia,,2007,39.0,,
Ethiopia,,2005,29.8,5.1,34.63333333333333
Ethiopia,,2004,35.9,,
Ethiopia,,1994,27.0,,
Gabon,,2011,89.0,,
Gabon,,2010,88.4,,
Gabon,,2004,83.8,,
Gabon,,1993,72.2,,
Gambia,,2011,51.1,,
Gambia,,2010,50.0,,
Gambia,,2000,36.8,3.0,15.4
Georgia,,2011,99.7,,
Georgia,,2010,99.7,,
Georgia,,2002,99.7,,
Ghana,,2010,67.3,,
Ghana,,2010,71.5,,
Greece,,2011,97.3,,
Greece,,2010,97.2,,
Greece,,2001,96.0,,
Greece,,1991,92.6,,
Guatemala,,2011,75.9,,
Guatemala,,2010,75.2,,
Guatemala,,2002,69.1,5.566666666666667,17.733333333333334
Guatemala,,1994,64.2,,
Guinea,,2010,41.0,,
Guinea,,2010,25.3,,
Guinea,,2003,29.7,,
Guinea,,1996,20.6,,
Guinea-Bissau,,2011,55.3,,
Guinea-Bissau,,2010,54.2,,
Guyana,,2009,85.0,6.666666666666667,11.100000000000001
Haiti,,2006,48.7,3.9333333333333336,18.9
Haiti,,2003,58.7,,
Honduras,,2011,85.1,,
Honduras,,2010,84.8,,
Honduras,,2007,83.6,,
Honduras,,2001,80.0,3.033333333333333,12.5
Hungary,,2011,99.0,,
Hungary,,2010,99.0,,
Hungary,,2004,99.0,,
Hungary,,1994,99.0,,
India,,2006,62.8,1.9333333333333336,43.5
India,,2001,61.0,,
India,,1991,48.2,,
Indonesia,,2011,92.8,,
Indonesia,,2009,92.6,,
Indonesia,,2008,92.2,,
Indonesia,,2006,92.0,,
Indonesia,,2004,90.4,5.133333333333334,19.7
Iran (Islamic Republic of),,2008,85.0,,
Iran (Islamic Republic of),,2006,82.3,,
Iran (Islamic Republic of),,2005,82.4,,
Iran (Islamic Republic of),,2002,77.0,,
Iran (Islamic Republic of),,1996,73.1,,
Iran (Islamic Republic of),,1991,65.5,,
Iraq,,2011,78.5,,
Iraq,,2010,78.2,,
Italy,,2011,99.0,,
Italy,,2010,98.9,,
Italy,,2001,98.4,,
Jamaica,,2011,87.0,,
Jamaica,,2010,86.6,4.033333333333333,3.2000000000000006
Jamaica,,1999,79.9,5.8999999999999995,2.3333333333333335
Jordan,,2011,95.9,,
Jordan,,2010,92.6,,
Jordan,,2007,92.2,,
Jordan,,2005,91.1,,
Jordan,,2003,89.9,,
Kazakhstan,,2010,99.7,,
Kazakhstan,,2009,99.7,,
Kazakhstan,,1999,99.5,5.3999999999999995,3.7999999999999994
Kenya,,2010,87.4,,
Kenya,,2007,72.2,,
Kenya,,2007,81.8,,
Kuwait,,2008,93.9,9.3,2.3
Kuwait,,2007,93.7,8.5,2.9000000000000004
Kuwait,,2006,93.3,8.666666666666666,2.733333333333333
Kuwait,,2005,93.3,7.5,2.6666666666666665
Kyrgyzstan,,2009,99.2,4.4,4.7
Kyrgyzstan,,1999,98.7,,
Lao People's Democratic Republic,,2005,72.7,,
Lao People's Democratic Republic,,2001,68.7,,
Lao People's Democratic Republic,,2000,69.6,2.6666666666666665,36.43333333333334
Lao People's Democratic Republic,,1995,60.3,,
Latvia,,2011,99.8,,
Latvia,,2010,99.8,,
Lebanon,,2007,89.6,,
Lesotho,,2010,89.6,7.3,13.533333333333333
Lesotho,,2009,75.8,,
Liberia,,2010,60.8,,
Liberia,,2007,42.9,4.2,20.333333333333332
Liberia,,2004,54.8,,
Liberia,,1994,43.5,,
Libya,,2011,89.5,,
Libya,,2010,89.2,,
Libya,,2004,86.1,,
Libya,,1994,77.2,,
Lithuania,,2011,99.7,,
Lithuania,,2010,99.7,,
Lithuania,,2001,99.6,,
Madagascar,,2009,64.5,,
Malawi,,2010,61.3,9.233333333333333,13.866666666666665
Malawi,,2010,74.8,9.233333333333333,13.866666666666665
Malawi,,1998,64.1,,26.3
Malaysia,,2010,93.1,,
Malaysia,,1991,82.9,,23.1
Maldives,,2006,98.4,,
Mali,,2011,33.4,,
Mali,,2010,31.1,,
Mali,,2006,26.2,4.733333333333333,27.866666666666664
Mali,,2003,24.0,,
Mali,,1998,19.0,,
Malta,,2005,92.4,,
Mauritania,,2011,58.6,,
Mauritania,,2010,58.0,,
Mauritius,,2011,88.8,,
Mauritius,,2010,88.5,,
Mexico,,2011,93.5,,
Mexico,,2010,93.1,,
Mexico,,2009,93.4,,
Mexico,,2008,92.9,,
Mexico,,2007,92.8,,
Mexico,,2006,91.7,7.566666666666667,3.4333333333333336
Mexico,,2005,91.6,,
Mexico,,2004,91.0,,
Mexico,,2002,90.3,,
Mongolia,,2011,97.4,,
Mongolia,,2010,97.4,,
Montenegro,,2011,98.5,,
Montenegro,,2010,98.4,,
Morocco,,2011,67.1,10.666666666666666,3.1
Morocco,,2009,56.1,,
Morocco,,2008,55.1,,
Morocco,,2004,52.3,13.333333333333334,9.866666666666667
Morocco,,1994,41.6,,
Mozambique,,2010,56.1,,
Mozambique,,2009,50.6,,
Mozambique,,2003,48.2,6.3,21.233333333333334
Mozambique,,1997,38.7,5.966666666666666,28.066666666666666
Myanmar,,2011,92.7,,
Myanmar,,2010,92.3,2.6333333333333333,22.566666666666666
Namibia,,2010,88.8,,
Namibia,,2007,76.5,4.633333333333334,17.5
Namibia,,2001,85.0,,
Namibia,,1991,75.8,,
Nepal,,2011,57.4,1.5333333333333332,29.100000000000005
Nepal,,2010,60.3,,
Nepal,,2001,48.6,0.6666666666666666,43.0
Nepal,,1991,33.0,,
Nicaragua,,2005,78.0,5.2,4.3
Nicaragua,,2001,76.7,7.133333333333333,7.766666666666667
Niger,,2005,28.7,,
Niger,,2001,9.4,,
Nigeria,,2010,61.3,,
Nigeria,,2008,51.1,10.5,26.700000000000003
Nigeria,,2003,54.8,6.233333333333333,27.233333333333334
Nigeria,,1991,55.4,,
Oman,,2010,86.9,,
Oman,,2008,86.6,,
Oman,,2003,81.4,,
Pakistan,,2009,54.9,,
Pakistan,,2008,55.5,,
Pakistan,,2006,54.2,,
Pakistan,,2005,49.9,,
Pakistan,,1998,42.7,,
Panama,,2010,94.1,,
Papua New Guinea,,2011,62.4,,
Papua New Guinea,,2010,60.6,,
Paraguay,,2010,93.9,,
Paraguay,,2009,93.8,,
Paraguay,,2008,93.3,,
Paraguay,,2007,94.6,,
Paraguay,,1992,90.3,,
Peru,,2007,89.6,,
Peru,,2006,88.7,,
Peru,,2005,87.9,9.033333333333333,5.400000000000001
Peru,,2004,87.7,,
Peru,,1993,87.2,,
Philippines,,2008,95.4,3.266666666666667,20.733333333333334
Philippines,,2003,92.6,2.433333333333333,20.766666666666666
Poland,,2011,99.7,,
Poland,,2010,99.5,,
Poland,,2004,99.4,,
Poland,,1994,99.2,,
Portugal,,2011,95.4,,
Portugal,,2010,95.2,,
Portugal,,1991,87.9,,
Qatar,,2010,96.3,,
Qatar,,2009,94.7,,
Qatar,,2008,94.0,,
Qatar,,2007,93.1,,
Qatar,,2004,89.0,,
Qatar,,1997,83.3,,
Republic of Moldova,,2011,99.0,,
Republic of Moldova,,2010,98.5,,
Romania,,2011,97.7,,
Romania,,2010,97.7,,
Romania,,2002,97.3,8.333333333333334,3.466666666666667
Romania,,1992,96.7,,
Russian Federation,,2010,99.7,,
Russian Federation,,2010,99.6,,
Russian Federation,,2002,99.4,,
Rwanda,,2010,65.9,,
Rwanda,,2010,71.1,,
Rwanda,,1991,57.9,,
Samoa,,2011,98.8,,
Samoa,,2010,98.8,,
Samoa,,2004,98.6,,
Samoa,,1991,97.9,,
Sao Tome and Principe,,2010,89.2,,
Sao Tome and Principe,,2008,69.5,,
Sao Tome and Principe,,2001,84.9,,
Sao Tome and Principe,,1991,73.2,,
Saudi Arabia,,2011,87.2,,
Saudi Arabia,,2010,86.6,,
Saudi Arabia,,2004,82.9,,
Saudi Arabia,,1992,70.8,,
Senegal,,2009,49.7,,
Senegal,,2006,41.9,,
Senegal,,2002,39.3,,
Serbia,,2011,98.0,,
Serbia,,2010,97.9,15.633333333333333,1.6000000000000003
Serbia,,2003,96.4,,
Seychelles,,2011,91.8,,
Seychelles,,2010,91.8,,
Seychelles,,2002,91.8,,
Seychelles,,1994,87.8,,
Sierra Leone,,2011,43.3,,
Sierra Leone,,2010,42.1,5.849999999999999,19.866666666666664
Sierra Leone,,2004,34.8,,
Singapore,,2010,95.9,,
Slovenia,,2011,99.7,,
Slovenia,,2010,99.7,,
Slovenia,,2004,99.7,,
Slovenia,,1991,99.5,,
Solomon Islands,,1999,76.6,,
South Africa,,2011,93.0,,
South Africa,,2007,88.7,,
South Africa,,1996,82.4,,
Spain,,2010,97.7,,
Spain,,2009,97.7,,
Spain,,2008,97.6,,
Spain,,2007,97.9,,
Spain,,2005,97.8,,
Spain,,1991,96.5,,
Sri Lanka,,2010,91.2,,
Sri Lanka,,2008,90.6,,
Sri Lanka,,2006,90.8,,
Sri Lanka,,2001,90.7,,
Sudan (former),,2010,71.1,,
Sudan (former),,2000,61.3,,
Suriname,,2010,94.7,4.0,5.800000000000001
Suriname,,2008,94.6,,
Suriname,,2004,89.6,,
Swaziland,,2011,87.8,,
Swaziland,,2010,87.4,10.666666666666666,5.833333333333333
Syrian Arab Republic,,2011,84.1,,
Syrian Arab Republic,,2010,83.4,,
Syrian Arab Republic,,2004,80.8,,
Syrian Arab Republic,,2002,82.9,,
Tajikistan,,2011,99.7,,
Tajikistan,,2010,99.7,,
Thailand,,2005,93.5,,
The former Yugoslav Republic of Macedonia,,2011,97.4,,
The former Yugoslav Republic of Macedonia,,2010,97.3,,
The former Yugoslav Republic of Macedonia,,2002,96.1,,
The former Yugoslav Republic of Macedonia,,1994,94.1,,
Timor-Leste,,2010,58.3,5.833333333333333,45.26666666666667
Timor-Leste,,2007,50.6,,
Timor-Leste,,2001,37.6,,
Togo,,2011,60.4,,
Togo,,2009,57.1,,
Togo,,2006,56.9,4.666666666666667,22.266666666666666
Tonga,,2006,99.0,,
Tonga,,1996,98.9,,
Trinidad and Tobago,,2011,98.8,,
Trinidad and Tobago,,2010,98.8,,
Trinidad and Tobago,,2004,98.4,,
Tunisia,,2010,79.1,,
Tunisia,,2008,77.6,,
Tunisia,,2007,77.2,,
Tunisia,,2004,74.3,,
Tunisia,,1994,59.2,,
Turkey,,2011,94.1,,
Turkey,,2010,92.7,,
Turkey,,2009,90.8,,
Turkey,,2007,88.7,,
Turkey,,2006,88.1,,
Turkey,,2005,88.2,,
Turkey,,2004,87.4,9.066666666666666,3.5
Turkmenistan,,2011,99.6,,
Turkmenistan,,2010,99.6,,
Uganda,,2010,73.2,,
Uganda,,2006,71.4,4.866666666666666,16.4
Uganda,,2002,68.1,,
Uganda,,1991,56.1,,
Ukraine,,2011,99.7,,
Ukraine,,2010,99.7,,
Ukraine,,2001,99.4,,
United Arab Emirates,,2005,90.0,,
United Republic of Tanzania,,2010,73.2,5.5,16.2
United Republic of Tanzania,,2010,67.8,5.5,16.2
United Republic of Tanzania,,2002,69.4,,
Uruguay,,2010,98.1,,
Uruguay,,2009,98.3,,
Uruguay,,2008,98.2,,
Uruguay,,2007,97.9,8.366666666666667,4.666666666666667
Uruguay,,2006,97.8,,
Uruguay,,1996,96.8,,
Uzbekistan,,2011,99.4,,
Uzbekistan,,2010,99.4,,
Vanuatu,,2011,83.2,,
Vanuatu,,2010,82.6,,
Vanuatu,,2004,78.1,,
Vanuatu,,1999,74.0,,
Vanuatu,,1994,68.4,,
Venezuela (Bolivarian Republic of),,2009,95.5,6.4,2.9
Venezuela (Bolivarian Republic of),,2007,95.2,6.1,3.7
Venezuela (Bolivarian Republic of),,2001,93.0,5.4,4.0
Venezuela (Bolivarian Republic of),,1990,89.8,4.0,6.7
Viet Nam,,2011,93.4,4.633333333333333,11.966666666666667
Viet Nam,,2010,93.2,,17.5
Viet Nam,,2000,90.2,2.7428571428571424,28.457142857142852
Viet Nam,,1999,90.3,1.85,31.525000000000002
Yemen,,2011,65.3,,
Yemen,,2010,63.9,,
Yemen,,2004,54.7,,
Yemen,,1994,37.1,,
Zambia,,2010,71.2,,
Zambia,,2007,61.4,8.399999999999999,14.933333333333332
Zambia,,2002,69.1,5.900000000000001,23.333333333333332
Zambia,,1999,68.0,12.333333333333334,19.5
Zimbabwe,,2011,83.6,5.833333333333333,10.1
Zimbabwe,,2010,92.2,,
Zimbabwe,,1992,83.5,,
Afghanistan,,1997,,6.5,44.9
Afghanistan,,2004,,4.499999999999999,32.86666666666667
Albania,,1998,,9.5,7.1
Algeria,,1992,,8.700000000000001,9.2
Angola,,1996,,1.6000000000000003,36.96666666666667
Argentina,,1994,,11.1,1.7
Argentina,,1996,,13.5,4.7
Argentina,,2005,,9.866666666666667,2.3
Armenia,,1998,,10.866666666666667,2.7000000000000006
Armenia,,2005,,11.566666666666668,4.266666666666667
Australia,,1996,,8.2,0.0
Australia,,2007,,8.0,0.2
Azerbaijan,,1996,,6.1,8.8
Azerbaijan,,2001,,4.4,5.9
Azerbaijan,,2006,,13.833333333333334,8.366666666666667
Bahrain,,1989,,7.5,6.3
Bangladesh,,1983,,0.2,63.8
Bangladesh,,1986,,0.2,66.8
Bangladesh,,1992,,0.27499999999999997,63.8
Bangladesh,,1993,,0.3666666666666667,58.96666666666667
Bangladesh,,1994,,0.20000000000000004,61.0
Bangladesh,,1996,,0.4,55.724999999999994
Bangladesh,,1997,,1.7,52.46666666666667
Bangladesh,,1998,,0.2333333333333333,53.26666666666667
Bangladesh,,1999,,0.4666666666666666,51.93333333333334
Bangladesh,,2002,,0.9,43.1
Bangladesh,,2003,,0.9,40.93333333333334
Bangladesh,,2004,,0.8666666666666666,41.51666666666666
Bangladesh,,2005,,0.8666666666666667,39.2
Bangladesh,,2006,,0.6666666666666666,39.83333333333333
Bangladesh,,2007,,1.1,41.3
Barbados,,1981,,5.7,5.333333333333333
Belarus,,2005,,9.7,1.2666666666666666
Belize,,2006,,13.800000000000002,4.866666666666666
Belize,,2011,,7.866666666666667,6.166666666666667
Benin,,1996,,2.466666666666667,26.833333333333332
Benin,,2001,,3.0,21.53333333333333
Bhutan,,1988,,3.5,34.0
Bhutan,,1999,,3.9333333333333336,14.1
Bhutan,,2008,,4.4,10.4
Bhutan,,2010,,7.566666666666666,12.833333333333334
Bolivia (Plurinational State of),,1989,,7.8,9.175
Bolivia (Plurinational State of),,1994,,7.099999999999999,12.533333333333333
Bolivia (Plurinational State of),,1998,,10.633333333333335,5.900000000000001
Bolivia (Plurinational State of),,2004,,9.2,5.900000000000001
Bosnia and Herzegovina,,2006,,25.633333333333336,1.6000000000000003
Bosnia and Herzegovina,,2012,,17.366666666666667,1.5333333333333332
Botswana,,2008,,11.199999999999998,11.166666666666666
Brazil,,1996,,6.6000000000000005,4.5
Bulgaria,,2004,,13.666666666666666,1.6000000000000003
Burkina Faso,,1993,,2.7999999999999994,29.600000000000005
Burkina Faso,,1999,,1.8999999999999997,33.7
Burkina Faso,,2006,,6.900000000000001,37.63333333333333
Burkina Faso,,2010,,2.7999999999999994,26.2
Burundi,,1987,,1.3,30.200000000000003
Burundi,,2011,,2.8666666666666667,29.066666666666666
Cambodia,,1996,,6.466666666666666,42.6
Cambodia,,2006,,1.7,28.433333333333337
Cambodia,,2011,,1.8999999999999997,28.96666666666667
Cameroon,,1991,,4.666666666666667,17.96666666666667
Cameroon,,1998,,8.233333333333333,17.866666666666664
Cameroon,,2004,,8.7,15.133333333333333
Cameroon,,2006,,9.633333333333333,16.6
Cameroon,,2011,,6.5,15.133333333333333
Canada,,1972,,7.466666666666666,1.7666666666666666
Central African Republic,,2006,,8.5,28.0
Chad,,1997,,2.733333333333333,34.33333333333333
Chile,,1986,,15.4,2.2
Chile,,1994,,10.1,0.8
Chile,,1996,,10.7,0.7
Chile,,1998,,11.2,0.7
Chile,,1999,,11.9,0.7
Chile,,2001,,12.9,0.7
Chile,,2003,,12.1,0.6
Chile,,2004,,12.1,0.6
Chile,,2006,,11.7,0.6
Chile,,2007,,9.8,0.6
China,,1992,,7.166666666666667,14.199999999999998
China,,1998,,5.466666666666666,6.900000000000001
China,,2002,,9.1,6.833333333333333
China,,2005,,5.866666666666667,4.466666666666667
China,,2008,,5.4,5.1
China,,2009,,5.266666666666667,4.6
Colombia,,1986,,4.8999999999999995,8.566666666666668
Comoros,,1996,,5.900000000000001,22.2
Congo,,1987,,1.4,21.1
Congo,,2005,,8.5,11.766666666666666
Costa Rica,,1982,,4.0,5.5
Costa Rica,,1996,,9.6,4.5
Costa Rica,,2009,,8.1,1.1666666666666667
Croatia,,1994,,6.7,0.6
Croatia,,1996,,9.2,0.5
Czech Republic,,1991,,6.7,0.9
Czech Republic,,2002,,4.3999999999999995,2.0666666666666664
Côte d’Ivoire,,1994,,2.7000000000000006,20.866666666666667
Côte d’Ivoire,,1999,,4.6000000000000005,18.2
Côte d’Ivoire,,2006,,9.0,16.633333333333336
Côte d’Ivoire,,2007,,4.933333333333334,29.366666666666664
Democratic People's Republic of Korea,,2002,,0.9,17.733333333333334
Democratic People's Republic of Korea,,2009,,0.0,18.8
Djibouti,,2002,,8.366666666666667,25.366666666666664
Djibouti,,2006,,13.433333333333332,29.46666666666667
Djibouti,,2012,,8.1,29.833333333333332
Dominican Republic,,1986,,3.9,9.333333333333334
Dominican Republic,,1991,,4.4,8.4
Dominican Republic,,1996,,6.866666666666667,4.699999999999999
Dominican Republic,,2006,,7.4,4.6
Ecuador,,2004,,5.1000000000000005,6.233333333333333
Egypt,,1978,,3.8,13.9
Egypt,,1988,,6.766666666666667,11.633333333333333
Egypt,,1991,,14.866666666666667,10.466666666666667
Egypt,,1993,,14.366666666666667,8.233333333333333
Egypt,,2003,,9.166666666666666,8.633333333333333
Egypt,,2008,,20.5,6.766666666666667
El Salvador,,1988,,3.0,11.133333333333333
El Salvador,,1993,,3.9,7.166666666666667
El Salvador,,1998,,3.9,9.600000000000001
El Salvador,,2003,,5.733333333333333,6.099999999999999
Equatorial Guinea,,1997,,3.4,13.800000000000002
Equatorial Guinea,,2004,,8.1,10.600000000000001
Eritrea,,1996,,1.2,38.266666666666666
Ethiopia,,2011,,1.8333333333333333,29.133333333333336
Fiji,,1993,,2.2,6.9
Fiji,,2004,,5.1000000000000005,5.300000000000001
Gabon,,2001,,5.566666666666666,8.766666666666667
Gabon,,2012,,7.7,6.466666666666666
Gambia,,2006,,2.7000000000000006,15.833333333333334
Georgia,,1999,,17.9,2.7
Georgia,,2005,,20.96666666666667,2.2666666666666666
Georgia,,2009,,19.833333333333332,1.1333333333333333
Germany,,2006,,3.466666666666667,1.1
Ghana,,1988,,1.0,24.075000000000003
Ghana,,1994,,2.9333333333333336,25.100000000000005
Ghana,,1999,,2.6999999999999997,20.299999999999997
Ghana,,2003,,4.466666666666667,18.8
Ghana,,2006,,2.6,13.866666666666667
Ghana,,2008,,5.866666666666667,14.300000000000002
Guatemala,,1987,,2.8333333333333335,27.8
Guatemala,,1999,,6.900000000000001,20.266666666666666
Guatemala,,2009,,4.933333333333333,13.0
Guinea,,1999,,4.266666666666667,21.166666666666668
Guinea,,2005,,5.1,22.5
Guinea,,2012,,3.0666666666666664,16.266666666666666
Guinea-Bissau,,2006,,17.033333333333335,17.433333333333334
Guinea-Bissau,,2008,,2.1666666666666665,16.6
Guyana,,1981,,4.0,19.5
Guyana,,1997,,1.9,10.3
Guyana,,2007,,6.833333333333333,10.733333333333334
Haiti,,1978,,1.5,33.5
Haiti,,2012,,3.5999999999999996,11.6
Honduras,,1987,,2.7,18.1
Honduras,,1996,,2.433333333333333,19.200000000000003
Honduras,,2006,,5.766666666666667,8.600000000000001
Honduras,,2012,,5.166666666666667,7.099999999999999
Hungary,,1988,,2.966666666666667,2.2666666666666666
India,,1993,,3.1666666666666665,50.633333333333326
India,,1999,,3.6,44.4
Indonesia,,2001,,1.5,22.500000000000004
Indonesia,,2007,,11.233333333333334,19.633333333333333
Indonesia,,2010,,12.333333333333334,17.933333333333334
Iran (Islamic Republic of),,1995,,5.5,13.8
Iran (Islamic Republic of),,1998,,6.9,9.5
Iraq,,2006,,14.966666666666669,7.133333333333333
Italy,,1977,,7.1,1.3
Jamaica,,1978,,15.6,8.1
Jamaica,,1992,,4.4,7.0
Jamaica,,1993,,9.3,8.9
Jamaica,,1994,,6.2,4.466666666666667
Jamaica,,1996,,3.766666666666666,5.599999999999999
Jamaica,,1997,,5.566666666666666,3.466666666666667
Jamaica,,1998,,5.233333333333333,3.3666666666666667
Jamaica,,2001,,5.7,4.1
Jamaica,,2002,,8.466666666666667,2.5666666666666664
Jamaica,,2004,,7.466666666666666,3.1333333333333333
Jamaica,,2006,,6.133333333333333,3.6999999999999997
Jamaica,,2007,,8.466666666666667,1.7999999999999998
Jamaica,,2008,,5.8999999999999995,1.9666666666666668
Japan,,1981,,2.9,3.2
Jordan,,1997,,4.333333333333334,3.8333333333333335
Jordan,,2002,,4.7,3.6
Jordan,,2009,,6.566666666666666,1.8666666666666665
Jordan,,2012,,4.733333333333333,3.0
Kazakhstan,,2006,,16.933333333333334,4.866666666666666
Kazakhstan,,2011,,13.300000000000002,3.6666666666666665
Kenya,,1993,,5.900000000000001,20.066666666666666
Kenya,,1998,,7.566666666666667,17.566666666666666
Kenya,,2003,,5.8,16.5
Kenya,,2009,,5.0,16.4
Kiribati,,1985,,15.9,11.3
Kuwait,,1997,,8.9,1.5
Kuwait,,2001,,11.033333333333333,2.2
Kuwait,,2002,,6.599999999999999,2.0666666666666664
Kuwait,,2003,,6.8,2.333333333333333
Kuwait,,2004,,7.099999999999999,2.7999999999999994
Kuwait,,2009,,9.0,1.7333333333333334
Kuwait,,2010,,7.800000000000001,1.7
Kuwait,,2011,,8.3,2.1
Kuwait,,2012,,9.533333333333333,2.2
Kyrgyzstan,,1997,,9.2,8.166666666666666
Kyrgyzstan,,2006,,10.666666666666666,2.7000000000000006
Lao People's Democratic Republic,,2006,,1.2666666666666666,31.566666666666666
Lebanon,,1996,,20.833333333333332,3.533333333333333
Lebanon,,2004,,16.666666666666668,4.133333333333333
Lesotho,,2005,,6.766666666666667,16.6
Libya,,2007,,22.399999999999995,5.566666666666666
Madagascar,,1984,,4.1,29.7
Madagascar,,1992,,1.6333333333333335,35.46666666666667
Madagascar,,1997,,2.9333333333333336,35.46666666666667
Madagascar,,2004,,6.199999999999999,36.833333333333336
Malawi,,1992,,9.9,24.366666666666664
Malawi,,2005,,10.166666666666666,18.433333333333334
Malawi,,2006,,11.300000000000002,15.533333333333333
Malawi,,2009,,4.933333333333334,12.100000000000001
Malaysia,,1999,,5.5,16.7
Maldives,,1994,,1.1666666666666667,32.53333333333333
Maldives,,1998,,6.900000000000001,42.06666666666667
Maldives,,2001,,3.9000000000000004,25.733333333333334
Maldives,,2009,,6.933333333333334,17.799999999999997
Mali,,1987,,0.5333333333333333,28.96666666666667
Mali,,1996,,2.1333333333333333,34.6
Mali,,2001,,3.066666666666667,30.066666666666666
Mauritania,,2001,,3.7999999999999994,30.433333333333337
Mauritania,,2007,,2.3,23.200000000000003
Mauritania,,2008,,0.9666666666666667,15.866666666666667
Mauritania,,2012,,1.1666666666666667,19.5
Mexico,,1988,,6.1,12.4
Mexico,,1989,,9.8,13.866666666666667
Mexico,,1999,,7.633333333333333,5.966666666666666
Mexico,,2012,,9.0,2.7999999999999994
Mongolia,,1999,,7.0,10.833333333333334
Mongolia,,2004,,6.1000000000000005,4.766666666666667
Mongolia,,2005,,14.133333333333333,5.3
Montenegro,,2006,,15.600000000000001,2.2
Morocco,,1987,,5.533333333333334,12.733333333333334
Morocco,,1992,,10.699999999999998,8.066666666666668
Morocco,,1997,,13.666666666666666,7.699999999999999
Mozambique,,2008,,3.633333333333333,18.3
Mozambique,,2011,,7.900000000000001,15.566666666666668
Myanmar,,1997,,11.6,25.0
Myanmar,,2003,,2.4,29.633333333333336
Namibia,,1992,,4.533333333333333,21.53333333333333
Nauru,,2007,,2.8,4.8
Nepal,,1975,,0.26666666666666666,60.79999999999999
Nepal,,1996,,1.0,42.9
Nepal,,1998,,0.43333333333333335,38.166666666666664
Nepal,,2006,,0.6,38.766666666666666
Netherlands,,1980,,2.3000000000000003,1.6333333333333335
Nicaragua,,1982,,3.8,8.7
Nicaragua,,1993,,5.666666666666667,9.566666666666668
Nicaragua,,1998,,5.466666666666666,10.183333333333334
Nicaragua,,2007,,6.166666666666667,5.733333333333333
Niger,,1992,,2.0,40.93333333333334
Niger,,1998,,1.2000000000000002,44.96666666666667
Niger,,2006,,3.533333333333333,39.833333333333336
Nigeria,,1993,,5.5,35.1
Nigeria,,2007,,13.299999999999999,25.7
Nigeria,,2011,,2.966666666666667,24.366666666666664
Oman,,1991,,5.5,21.4
Oman,,1999,,1.5999999999999999,11.300000000000002
Oman,,2009,,1.7333333333333334,8.600000000000001
Pakistan,,1977,,6.2,48.3
Pakistan,,1987,,7.8,44.4
Pakistan,,1991,,5.400000000000001,38.96666666666667
Pakistan,,1994,,1.6333333333333335,35.333333333333336
Pakistan,,2001,,4.8,31.3
Pakistan,,2011,,6.366666666666667,30.899999999999995
Panama,,1980,,6.9,11.7
Panama,,1997,,6.2,6.300000000000001
Papua New Guinea,,1983,,2.733333333333333,24.600000000000005
Papua New Guinea,,2005,,3.3666666666666667,17.900000000000002
Paraguay,,2005,,7.1,3.4
Peru,,1992,,9.333333333333334,8.8
Peru,,1996,,9.9,5.666666666666667
Peru,,2008,,9.8,4.5
Peru,,2010,,6.9,
Philippines,,1975,,0.8,45.5
Philippines,,1992,,1.7,29.8
Philippines,,1998,,1.9,28.3
Philippines,,2011,,4.3,20.200000000000003
Republic of Moldova,,2005,,9.1,3.2000000000000006
Romania,,1991,,4.0,5.0
Romania,,1999,,10.1,3.4
Romania,,2001,,9.066666666666668,3.766666666666667
Rwanda,,1976,,2.2,24.7
Rwanda,,1992,,3.966666666666667,24.266666666666666
Rwanda,,2005,,6.733333333333333,18.03333333333333
Rwanda,,2011,,7.099999999999999,11.666666666666666
Saint Lucia,,1976,,4.3,12.1
Samoa,,1999,,6.2,1.7
Sao Tome and Principe,,2006,,15.4,8.0
Sao Tome and Principe,,2009,,11.6,14.433333333333335
Saudi Arabia,,1994,,1.2,13.5
Saudi Arabia,,2005,,6.133333333333333,5.3
Senegal,,1986,,2.2333333333333334,17.3
Senegal,,1993,,4.0,21.933333333333337
Senegal,,2005,,2.4,14.5
Senegal,,2011,,2.8333333333333335,19.233333333333334
Senegal,,2012,,0.6999999999999998,14.366666666666667
Serbia,,2006,,19.3,1.7666666666666666
Seychelles,,1988,,5.8,5.0
Sierra Leone,,1975,,12.4,25.0
Sierra Leone,,2005,,5.900000000000001,28.333333333333332
Sierra Leone,,2008,,10.100000000000001,21.333333333333332
Singapore,,1977,,0.6,12.199999999999998
Solomon Islands,,1970,,4.1,17.566666666666666
Solomon Islands,,1989,,1.8999999999999997,16.2
Solomon Islands,,2007,,2.5,11.5
Somalia,,2006,,4.7,32.766666666666666
South Africa,,1999,,9.6,10.1
South Africa,,2005,,19.166666666666668,11.6
South Sudan,,2006,,10.933333333333332,32.36666666666667
Sri Lanka,,1978,,0.2,49.8
Sri Lanka,,1987,,0.3666666666666667,29.2
Sri Lanka,,2007,,1.5666666666666667,21.1
Sri Lanka,,2009,,0.8333333333333334,21.600000000000005
Sudan,,2006,,4.233333333333333,27.0
Suriname,,2006,,4.0,7.5
Swaziland,,2007,,11.366666666666667,6.099999999999999
Syrian Arab Republic,,1993,,15.0,11.466666666666667
Syrian Arab Republic,,2001,,19.700000000000003,11.066666666666668
Syrian Arab Republic,,2006,,18.666666666666668,9.933333333333334
Syrian Arab Republic,,2009,,17.933333333333334,10.1
Tajikistan,,2005,,6.7,14.866666666666667
Tajikistan,,2009,,4.166666666666667,8.333333333333334
Thailand,,1987,,1.2666666666666666,17.366666666666667
Thailand,,2006,,8.0,7.0
The former Yugoslav Republic of Macedonia,,1999,,9.533333333333333,1.8666666666666665
The former Yugoslav Republic of Macedonia,,2004,,7.8999999999999995,1.2
The former Yugoslav Republic of Macedonia,,2005,,16.2,1.7999999999999998
Timor-Leste,,2002,,5.733333333333333,40.56666666666666
Togo,,1977,,0.8,23.1
Togo,,1988,,3.2000000000000006,21.3
Togo,,1998,,2.6,23.2
Togo,,2010,,1.5666666666666664,16.433333333333334
Trinidad and Tobago,,1976,,8.2,14.3
Trinidad and Tobago,,1987,,4.033333333333333,4.7
Tunisia,,1975,,3.533333333333333,17.266666666666666
Tunisia,,1988,,4.300000000000001,8.5
Tunisia,,1997,,1.4,3.3
Tunisia,,2006,,8.833333333333334,3.2999999999999994
Turkey,,1993,,4.966666666666666,8.7
Turkey,,1998,,3.966666666666667,7.033333333333334
Tuvalu,,2007,,6.3,1.6
Uganda,,1989,,3.6333333333333333,19.733333333333334
Uganda,,2001,,4.8999999999999995,19.0
Uganda,,2011,,3.7999999999999994,14.100000000000001
United Kingdom,,1979,,4.9,1.9
United Republic of Tanzania,,1992,,5.733333333333333,25.133333333333336
United Republic of Tanzania,,1996,,4.6,26.866666666666664
United Republic of Tanzania,,1999,,3.266666666666667,25.3
United Republic of Tanzania,,2005,,4.8999999999999995,16.7
United States of America,,1975,,4.0,2.0
United States of America,,1994,,5.433333333333333,0.8999999999999999
United States of America,,2002,,7.0,1.0666666666666667
United States of America,,2004,,8.0,1.2666666666666666
Uruguay,,1999,,9.6,5.166666666666667
Uruguay,,2002,,10.0,5.400000000000001
Uruguay,,2003,,12.200000000000001,5.7
Uruguay,,2004,,9.366666666666667,6.0
Uruguay,,2011,,7.7,4.5
Uzbekistan,,1996,,18.5,15.266666666666666
Uzbekistan,,2002,,11.1,7.033333333333334
Uzbekistan,,2006,,12.800000000000002,4.433333333333333
Vanuatu,,2007,,4.7,11.6
Venezuela (Bolivarian Republic of),,1982,,5.5,8.9
Venezuela (Bolivarian Republic of),,1987,,9.0,3.9
Venezuela (Bolivarian Republic of),,1991,,4.3,5.4
Venezuela (Bolivarian Republic of),,1992,,4.9,4.5
Venezuela (Bolivarian Republic of),,1993,,4.9,4.0
Venezuela (Bolivarian Republic of),,1994,,5.0,3.9
Venezuela (Bolivarian Republic of),,1995,,4.7,4.1
Venezuela (Bolivarian Republic of),,1996,,4.7,4.4
Venezuela (Bolivarian Republic of),,1997,,5.0,4.5
Venezuela (Bolivarian Republic of),,1998,,4.9,4.6
Venezuela (Bolivarian Republic of),,1999,,5.2,4.1
Venezuela (Bolivarian Republic of),,2000,,5.3,3.9
Venezuela (Bolivarian Republic of),,2002,,5.4,4.2
Venezuela (Bolivarian Republic of),,2003,,5.3,4.6
Venezuela (Bolivarian Republic of),,2004,,5.2,4.5
Venezuela (Bolivarian Republic of),,2005,,5.5,4.1
Venezuela (Bolivarian Republic of),,2006,,6.1,3.9
Venezuela (Bolivarian Republic of),,2008,,6.3,3.2
Viet Nam,,1993,,2.8333333333333335,36.86666666666667
Viet Nam,,1998,,1.4,35.8
Viet Nam,,2002,,2.5666666666666664,23.433333333333334
Viet Nam,,2003,,2.1666666666666665,24.633333333333336
Viet Nam,,2004,,2.6333333333333333,23.8
Viet Nam,,2005,,2.5999999999999996,22.733333333333334
Viet Nam,,2006,,3.0666666666666664,21.6
Viet Nam,,2007,,2.8666666666666667,22.600000000000005
Viet Nam,,2008,,2.966666666666667,20.2
Yemen,,1992,,7.866666666666667,29.566666666666663
Yemen,,1996,,6.9,34.2
Yemen,,1997,,3.733333333333333,47.53333333333333
Yemen,,2003,,4.966666666666666,43.06666666666666
Zambia,,1992,,4.7,21.233333333333334
Zambia,,1997,,6.166666666666667,19.633333333333333
Zimbabwe,,1988,,5.366666666666667,7.966666666666666
Zimbabwe,,1994,,7.566666666666666,11.699999999999998
Zimbabwe,,1999,,10.6,11.5
Zimbabwe,,2006,,9.1,14.0
Algeria,,1987,,,8.0
Angola,,2007,,,15.600000000000001
Belize,,1992,,,5.4
Bolivia (Plurinational State of),,1981,,,12.7
Bolivia (Plurinational State of),,1988,,,9.8
Bolivia (Plurinational State of),,1990,,,9.7
Bolivia (Plurinational State of),,1991,,,10.2
Botswana,,1996,,,15.1
Brazil,,1989,,,5.266666666666667
Brazil,,2003,,,3.7000000000000006
Burkina Faso,,2009,,,25.933333333333334
Burundi,,2005,,,35.2
Cabo Verde,,1983,,,16.7
Cabo Verde,,1985,,,16.5
Cabo Verde,,1994,,,11.8
Chile,,1976,,,3.3
Chile,,1977,,,2.6
Chile,,1978,,,1.9
Chile,,1979,,,1.6
Chile,,1980,,,1.3
Chile,,1981,,,1.1
Chile,,1982,,,1.0
Chile,,1983,,,1.0
Chile,,1984,,,1.35
Colombia,,1966,,,18.6
Colombia,,1980,,,14.7
Colombia,,1989,,,8.8
Comoros,,1992,,,16.2
Costa Rica,,1989,,,2.4
Costa Rica,,1991,,,2.2
Costa Rica,,1992,,,2.0
Costa Rica,,1993,,,2.0
Costa Rica,,1994,,,1.9
Côte d’Ivoire,,1986,,,10.8
Democratic People's Republic of Korea,,2000,,,24.7
Democratic People's Republic of Korea,,2004,,,20.6
Democratic Republic of the Congo,,1995,,,30.7
Djibouti,,1989,,,20.2
Djibouti,,1996,,,16.0
Ecuador,,1986,,,14.5
Ecuador,,1998,,,12.5
Egypt,,1998,,,9.8
El Salvador,,1975,,,19.5
Eritrea,,1993,,,36.9
Ethiopia,,1992,,,43.3
Gambia,,1996,,,23.2
Guinea,,2008,,,20.799999999999997
Guyana,,1971,,,22.0
Guyana,,1993,,,16.1
Honduras,,1992,,,15.8
Honduras,,1994,,,16.1
India,,1979,,,67.3
India,,1992,,,56.6
India,,1997,,,41.1
Indonesia,,1987,,,35.9
Indonesia,,1989,,,30.933333333333334
Indonesia,,1992,,,29.8
Indonesia,,1998,,,25.733333333333334
Indonesia,,1999,,,22.766666666666666
Indonesia,,2002,,,22.96666666666667
Indonesia,,2003,,,23.066666666666666
Indonesia,,2005,,,24.399999999999995
Iran (Islamic Republic of),,2004,,,4.6
Iraq,,1991,,,10.4
Iraq,,2003,,,10.1
Iraq,,2004,,,8.0
Jamaica,,1989,,,6.3
Jamaica,,1991,,,4.0
Kenya,,1994,,,19.8
Kenya,,2006,,,18.4
Kuwait,,1984,,,5.6
Lao People's Democratic Republic,,1993,,,39.8
Lao People's Democratic Republic,,1994,,,35.9
Lesotho,,1976,,,15.2
Lesotho,,1992,,,13.8
Lesotho,,1993,,,18.9
Liberia,,1976,,,17.8
Madagascar,,1994,,,40.9
Malawi,,1981,,,21.1
Malaysia,,1992,,,22.6
Malaysia,,1993,,,20.5
Malaysia,,1994,,,19.7
Malaysia,,2006,,,12.933333333333332
Mauritania,,1996,,,20.3
Mexico,,1996,,,14.8
Mongolia,,1992,,,10.8
Mozambique,,2001,,,23.0
Myanmar,,1991,,,32.8
Myanmar,,1994,,,27.7
Nigeria,,1999,,,27.3
Panama,,2003,,,5.1
Panama,,2008,,,3.966666666666667
Peru,,1984,,,11.7
Philippines,,1982,,,29.6
Philippines,,1987,,,29.3
Philippines,,1993,,,26.3
Rwanda,,1996,,,24.2
Sao Tome and Principe,,1986,,,14.5
Senegal,,1992,,,19.0
Senegal,,1996,,,19.6
Sierra Leone,,1978,,,20.4
Sierra Leone,,1989,,,23.7
South Africa,,2008,,,8.7
Sri Lanka,,1993,,,33.8
Swaziland,,1984,,,8.5
Swaziland,,2008,,,7.3
Syrian Arab Republic,,1995,,,11.3
Syrian Arab Republic,,2000,,,6.0
Tajikistan,,2007,,,14.966666666666667
Thailand,,1993,,,16.3
Timor-Leste,,2003,,,41.5
Timor-Leste,,2008,,,48.53333333333333
Togo,,1996,,,16.7
Togo,,2008,,,20.5
Ukraine,,2002,,,0.9
United Republic of Tanzania,,2009,,,15.933333333333332
United Republic of Tanzania,,2011,,,13.566666666666668
Uruguay,,1987,,,6.5
Vanuatu,,1983,,,17.3
Vanuatu,,1996,,,10.6
Viet Nam,,1984,,,47.0
Viet Nam,,1989,,,40.7
Viet Nam,,1994,,,40.6
Zimbabwe,,1987,,,10.5
